,function,parameterLengths,seconds,lengthOfReturned,param1,param2
0,intersection,"[1000, 1000]",0.1072087287902832,8,1000,1000
1,intersection,"[1000, 1000]",0.09291267395019531,5,1000,1000
2,intersection,"[1000, 1000]",0.09122157096862793,17,1000,1000
3,intersection,"[1000, 1000]",0.091949462890625,15,1000,1000
4,intersection,"[1000, 1000]",0.09151482582092285,13,1000,1000
5,intersection,"[1000, 1000]",0.09278130531311035,5,1000,1000
6,intersection,"[1000, 1000]",0.09151482582092285,8,1000,1000
7,intersection,"[1000, 1000]",0.09114217758178711,11,1000,1000
8,intersection,"[1000, 1000]",0.10068464279174805,10,1000,1000
9,intersection,"[1000, 1000]",0.09145641326904297,8,1000,1000
10,intersection,"[1000, 2000]",0.18168067932128906,21,1000,2000
11,intersection,"[1000, 2000]",0.1793670654296875,17,1000,2000
12,intersection,"[1000, 2000]",0.18031716346740723,20,1000,2000
13,intersection,"[1000, 2000]",0.18646979331970215,16,1000,2000
14,intersection,"[1000, 2000]",0.1838381290435791,24,1000,2000
15,intersection,"[1000, 2000]",0.17954516410827637,22,1000,2000
16,intersection,"[1000, 2000]",0.18097281455993652,13,1000,2000
17,intersection,"[1000, 2000]",0.18385648727416992,24,1000,2000
18,intersection,"[1000, 2000]",0.1816253662109375,21,1000,2000
19,intersection,"[1000, 2000]",0.18082189559936523,16,1000,2000
20,intersection,"[1000, 3000]",0.2705423831939697,27,1000,3000
21,intersection,"[1000, 3000]",0.27337145805358887,29,1000,3000
22,intersection,"[1000, 3000]",0.27028751373291016,28,1000,3000
23,intersection,"[1000, 3000]",0.26961612701416016,28,1000,3000
24,intersection,"[1000, 3000]",0.27072906494140625,23,1000,3000
25,intersection,"[1000, 3000]",0.27419161796569824,35,1000,3000
26,intersection,"[1000, 3000]",0.26925182342529297,39,1000,3000
27,intersection,"[1000, 3000]",0.27366137504577637,29,1000,3000
28,intersection,"[1000, 3000]",0.27116870880126953,29,1000,3000
29,intersection,"[1000, 3000]",0.2755589485168457,28,1000,3000
30,intersection,"[1000, 4000]",0.35634279251098633,41,1000,4000
31,intersection,"[1000, 4000]",0.35711073875427246,34,1000,4000
32,intersection,"[1000, 4000]",0.36261796951293945,35,1000,4000
33,intersection,"[1000, 4000]",0.37036800384521484,31,1000,4000
34,intersection,"[1000, 4000]",0.35550737380981445,48,1000,4000
35,intersection,"[1000, 4000]",0.35960936546325684,38,1000,4000
36,intersection,"[1000, 4000]",0.3607926368713379,41,1000,4000
37,intersection,"[1000, 4000]",0.3608376979827881,38,1000,4000
38,intersection,"[1000, 4000]",0.36714696884155273,38,1000,4000
39,intersection,"[1000, 4000]",0.3664569854736328,31,1000,4000
40,intersection,"[1000, 5000]",0.46042895317077637,43,1000,5000
41,intersection,"[1000, 5000]",0.45011019706726074,39,1000,5000
42,intersection,"[1000, 5000]",0.4476773738861084,41,1000,5000
43,intersection,"[1000, 5000]",0.4522867202758789,36,1000,5000
44,intersection,"[1000, 5000]",0.45023655891418457,51,1000,5000
45,intersection,"[1000, 5000]",0.4466733932495117,51,1000,5000
46,intersection,"[1000, 5000]",0.45041966438293457,52,1000,5000
47,intersection,"[1000, 5000]",0.4475979804992676,51,1000,5000
48,intersection,"[1000, 5000]",0.45263218879699707,39,1000,5000
49,intersection,"[1000, 5000]",0.44855666160583496,62,1000,5000
50,intersection,"[1000, 6000]",0.5417501926422119,57,1000,6000
51,intersection,"[1000, 6000]",0.5315783023834229,59,1000,6000
52,intersection,"[1000, 6000]",0.5324902534484863,60,1000,6000
53,intersection,"[1000, 6000]",0.5342428684234619,50,1000,6000
54,intersection,"[1000, 6000]",0.541334867477417,55,1000,6000
55,intersection,"[1000, 6000]",0.536278486251831,56,1000,6000
56,intersection,"[1000, 6000]",0.5365729331970215,60,1000,6000
57,intersection,"[1000, 6000]",0.5336589813232422,55,1000,6000
58,intersection,"[1000, 6000]",0.5286974906921387,74,1000,6000
59,intersection,"[1000, 6000]",0.532355546951294,51,1000,6000
60,intersection,"[1000, 7000]",0.6151449680328369,78,1000,7000
61,intersection,"[1000, 7000]",0.6178600788116455,76,1000,7000
62,intersection,"[1000, 7000]",0.6199064254760742,59,1000,7000
63,intersection,"[1000, 7000]",0.6232514381408691,64,1000,7000
64,intersection,"[1000, 7000]",0.6647677421569824,71,1000,7000
65,intersection,"[1000, 7000]",0.6239883899688721,61,1000,7000
66,intersection,"[1000, 7000]",0.6207866668701172,64,1000,7000
67,intersection,"[1000, 7000]",0.6137905120849609,77,1000,7000
68,intersection,"[1000, 7000]",0.6137440204620361,77,1000,7000
69,intersection,"[1000, 7000]",0.632213830947876,68,1000,7000
70,intersection,"[1000, 8000]",0.7151370048522949,76,1000,8000
71,intersection,"[1000, 8000]",0.7168724536895752,80,1000,8000
72,intersection,"[1000, 8000]",0.7146046161651611,68,1000,8000
73,intersection,"[1000, 8000]",0.706979513168335,69,1000,8000
74,intersection,"[1000, 8000]",0.7122728824615479,60,1000,8000
75,intersection,"[1000, 8000]",0.7049839496612549,68,1000,8000
76,intersection,"[1000, 8000]",0.7065410614013672,66,1000,8000
77,intersection,"[1000, 8000]",0.703312873840332,76,1000,8000
78,intersection,"[1000, 8000]",0.6986875534057617,88,1000,8000
79,intersection,"[1000, 8000]",0.7040238380432129,80,1000,8000
80,intersection,"[1000, 9000]",0.8629589080810547,80,1000,9000
81,intersection,"[1000, 9000]",0.7802774906158447,96,1000,9000
82,intersection,"[1000, 9000]",0.78778076171875,88,1000,9000
83,intersection,"[1000, 9000]",0.7831864356994629,99,1000,9000
84,intersection,"[1000, 9000]",0.7816159725189209,98,1000,9000
85,intersection,"[1000, 9000]",0.7958047389984131,96,1000,9000
86,intersection,"[1000, 9000]",0.7972550392150879,72,1000,9000
87,intersection,"[1000, 9000]",0.7941067218780518,85,1000,9000
88,intersection,"[1000, 9000]",0.7810394763946533,95,1000,9000
89,intersection,"[1000, 9000]",0.8297407627105713,93,1000,9000
90,intersection,"[1000, 10000]",0.8913300037384033,84,1000,10000
91,intersection,"[1000, 10000]",0.8783924579620361,91,1000,10000
92,intersection,"[1000, 10000]",0.8693153858184814,90,1000,10000
93,intersection,"[1000, 10000]",0.8763153553009033,96,1000,10000
94,intersection,"[1000, 10000]",0.8778109550476074,98,1000,10000
95,intersection,"[1000, 10000]",0.8820123672485352,112,1000,10000
96,intersection,"[1000, 10000]",0.876295804977417,91,1000,10000
97,intersection,"[1000, 10000]",0.8856935501098633,75,1000,10000
98,intersection,"[1000, 10000]",0.868898868560791,109,1000,10000
99,intersection,"[1000, 10000]",0.8766069412231445,91,1000,10000
100,intersection,"[2000, 2000]",0.4038410186767578,29,2000,2000
101,intersection,"[2000, 2000]",0.3641512393951416,39,2000,2000
102,intersection,"[2000, 2000]",0.3627281188964844,39,2000,2000
103,intersection,"[2000, 2000]",0.3648383617401123,28,2000,2000
104,intersection,"[2000, 2000]",0.36225080490112305,44,2000,2000
105,intersection,"[2000, 2000]",0.3573291301727295,66,2000,2000
106,intersection,"[2000, 2000]",0.3596677780151367,36,2000,2000
107,intersection,"[2000, 2000]",0.36303162574768066,39,2000,2000
108,intersection,"[2000, 2000]",0.3909945487976074,39,2000,2000
109,intersection,"[2000, 2000]",0.36084747314453125,42,2000,2000
110,intersection,"[2000, 3000]",0.540956974029541,65,2000,3000
111,intersection,"[2000, 3000]",0.5403652191162109,61,2000,3000
112,intersection,"[2000, 3000]",0.5422873497009277,60,2000,3000
113,intersection,"[2000, 3000]",0.5704278945922852,62,2000,3000
114,intersection,"[2000, 3000]",0.5409743785858154,52,2000,3000
115,intersection,"[2000, 3000]",0.5385112762451172,66,2000,3000
116,intersection,"[2000, 3000]",0.5403761863708496,53,2000,3000
117,intersection,"[2000, 3000]",0.5401463508605957,59,2000,3000
118,intersection,"[2000, 3000]",0.5395863056182861,48,2000,3000
119,intersection,"[2000, 3000]",0.5408778190612793,49,2000,3000
120,intersection,"[2000, 4000]",0.7189159393310547,62,2000,4000
121,intersection,"[2000, 4000]",0.7156267166137695,90,2000,4000
122,intersection,"[2000, 4000]",0.7281179428100586,74,2000,4000
123,intersection,"[2000, 4000]",0.7196979522705078,79,2000,4000
124,intersection,"[2000, 4000]",0.7136085033416748,86,2000,4000
125,intersection,"[2000, 4000]",0.7167365550994873,82,2000,4000
126,intersection,"[2000, 4000]",0.7170631885528564,75,2000,4000
127,intersection,"[2000, 4000]",0.7209663391113281,88,2000,4000
128,intersection,"[2000, 4000]",0.7154240608215332,73,2000,4000
129,intersection,"[2000, 4000]",0.7137360572814941,77,2000,4000
130,intersection,"[2000, 5000]",0.9485714435577393,81,2000,5000
131,intersection,"[2000, 5000]",0.8878903388977051,95,2000,5000
132,intersection,"[2000, 5000]",0.8920824527740479,87,2000,5000
133,intersection,"[2000, 5000]",0.8831601142883301,117,2000,5000
134,intersection,"[2000, 5000]",0.8881328105926514,111,2000,5000
135,intersection,"[2000, 5000]",0.891343355178833,96,2000,5000
136,intersection,"[2000, 5000]",0.9499409198760986,100,2000,5000
137,intersection,"[2000, 5000]",0.8911559581756592,105,2000,5000
138,intersection,"[2000, 5000]",0.888603925704956,105,2000,5000
139,intersection,"[2000, 5000]",0.8874039649963379,120,2000,5000
140,intersection,"[2000, 6000]",1.0906155109405518,115,2000,6000
141,intersection,"[2000, 6000]",1.0734381675720215,118,2000,6000
142,intersection,"[2000, 6000]",1.0687546730041504,120,2000,6000
143,intersection,"[2000, 6000]",1.078157663345337,94,2000,6000
144,intersection,"[2000, 6000]",1.0748121738433838,112,2000,6000
145,intersection,"[2000, 6000]",1.0718002319335938,136,2000,6000
146,intersection,"[2000, 6000]",1.0748381614685059,97,2000,6000
147,intersection,"[2000, 6000]",1.0691838264465332,127,2000,6000
148,intersection,"[2000, 6000]",1.078258991241455,98,2000,6000
149,intersection,"[2000, 6000]",1.0725843906402588,116,2000,6000
150,intersection,"[2000, 7000]",1.251622200012207,122,2000,7000
151,intersection,"[2000, 7000]",1.246246099472046,144,2000,7000
152,intersection,"[2000, 7000]",1.2418363094329834,137,2000,7000
153,intersection,"[2000, 7000]",1.2463207244873047,138,2000,7000
154,intersection,"[2000, 7000]",1.2402076721191406,139,2000,7000
155,intersection,"[2000, 7000]",1.2386860847473145,134,2000,7000
156,intersection,"[2000, 7000]",1.2427470684051514,129,2000,7000
157,intersection,"[2000, 7000]",1.244842290878296,123,2000,7000
158,intersection,"[2000, 7000]",1.2403535842895508,133,2000,7000
159,intersection,"[2000, 7000]",1.2380383014678955,135,2000,7000
160,intersection,"[2000, 8000]",1.4092040061950684,167,2000,8000
161,intersection,"[2000, 8000]",1.4113609790802002,168,2000,8000
162,intersection,"[2000, 8000]",1.410862922668457,160,2000,8000
163,intersection,"[2000, 8000]",1.4011743068695068,161,2000,8000
164,intersection,"[2000, 8000]",1.4063122272491455,168,2000,8000
165,intersection,"[2000, 8000]",1.413139820098877,155,2000,8000
166,intersection,"[2000, 8000]",1.5038161277770996,141,2000,8000
167,intersection,"[2000, 8000]",1.4170539379119873,144,2000,8000
168,intersection,"[2000, 8000]",1.41917085647583,155,2000,8000
169,intersection,"[2000, 8000]",1.414961814880371,158,2000,8000
170,intersection,"[2000, 9000]",1.5817947387695312,160,2000,9000
171,intersection,"[2000, 9000]",1.5822949409484863,184,2000,9000
172,intersection,"[2000, 9000]",1.5811936855316162,191,2000,9000
173,intersection,"[2000, 9000]",1.5848593711853027,175,2000,9000
174,intersection,"[2000, 9000]",1.5825729370117188,157,2000,9000
175,intersection,"[2000, 9000]",1.5829038619995117,173,2000,9000
176,intersection,"[2000, 9000]",1.5755445957183838,167,2000,9000
177,intersection,"[2000, 9000]",1.5668439865112305,184,2000,9000
178,intersection,"[2000, 9000]",1.683544397354126,165,2000,9000
179,intersection,"[2000, 9000]",1.578751564025879,169,2000,9000
180,intersection,"[2000, 10000]",1.7462313175201416,165,2000,10000
181,intersection,"[2000, 10000]",1.7337918281555176,203,2000,10000
182,intersection,"[2000, 10000]",1.750603437423706,187,2000,10000
183,intersection,"[2000, 10000]",1.7545313835144043,164,2000,10000
184,intersection,"[2000, 10000]",1.8451504707336426,190,2000,10000
185,intersection,"[2000, 10000]",1.9317002296447754,179,2000,10000
186,intersection,"[2000, 10000]",1.7597277164459229,183,2000,10000
187,intersection,"[2000, 10000]",1.7308719158172607,203,2000,10000
188,intersection,"[2000, 10000]",1.7488224506378174,179,2000,10000
189,intersection,"[2000, 10000]",1.745840311050415,186,2000,10000
190,intersection,"[3000, 3000]",0.8292219638824463,92,3000,3000
191,intersection,"[3000, 3000]",0.812760591506958,72,3000,3000
192,intersection,"[3000, 3000]",0.8127634525299072,79,3000,3000
193,intersection,"[3000, 3000]",0.8216400146484375,83,3000,3000
194,intersection,"[3000, 3000]",0.808626651763916,98,3000,3000
195,intersection,"[3000, 3000]",0.8083305358886719,103,3000,3000
196,intersection,"[3000, 3000]",0.8118999004364014,94,3000,3000
197,intersection,"[3000, 3000]",0.810084342956543,90,3000,3000
198,intersection,"[3000, 3000]",0.80983567237854,90,3000,3000
199,intersection,"[3000, 3000]",0.8164794445037842,98,3000,3000
200,intersection,"[3000, 4000]",1.0788474082946777,123,3000,4000
201,intersection,"[3000, 4000]",1.1009936332702637,111,3000,4000
202,intersection,"[3000, 4000]",1.080782175064087,107,3000,4000
203,intersection,"[3000, 4000]",1.083371639251709,94,3000,4000
204,intersection,"[3000, 4000]",1.071335792541504,131,3000,4000
205,intersection,"[3000, 4000]",1.133500099182129,113,3000,4000
206,intersection,"[3000, 4000]",1.0810441970825195,90,3000,4000
207,intersection,"[3000, 4000]",1.0773355960845947,118,3000,4000
208,intersection,"[3000, 4000]",1.0735547542572021,111,3000,4000
209,intersection,"[3000, 4000]",1.0715303421020508,131,3000,4000
210,intersection,"[3000, 5000]",1.3434040546417236,138,3000,5000
211,intersection,"[3000, 5000]",1.3485698699951172,135,3000,5000
212,intersection,"[3000, 5000]",1.3528661727905273,173,3000,5000
213,intersection,"[3000, 5000]",1.3492164611816406,159,3000,5000
214,intersection,"[3000, 5000]",1.3993115425109863,152,3000,5000
215,intersection,"[3000, 5000]",1.481764793395996,136,3000,5000
216,intersection,"[3000, 5000]",1.447526454925537,130,3000,5000
217,intersection,"[3000, 5000]",1.4307105541229248,167,3000,5000
218,intersection,"[3000, 5000]",1.4222910404205322,161,3000,5000
219,intersection,"[3000, 5000]",1.3524587154388428,139,3000,5000
220,intersection,"[3000, 6000]",1.6344974040985107,172,3000,6000
221,intersection,"[3000, 6000]",1.6270349025726318,166,3000,6000
222,intersection,"[3000, 6000]",1.631119728088379,189,3000,6000
223,intersection,"[3000, 6000]",1.6341547966003418,165,3000,6000
224,intersection,"[3000, 6000]",1.719594955444336,148,3000,6000
225,intersection,"[3000, 6000]",1.646164894104004,183,3000,6000
226,intersection,"[3000, 6000]",1.6363716125488281,197,3000,6000
227,intersection,"[3000, 6000]",1.6034507751464844,165,3000,6000
228,intersection,"[3000, 6000]",1.616159200668335,177,3000,6000
229,intersection,"[3000, 6000]",1.6397273540496826,172,3000,6000
230,intersection,"[3000, 7000]",1.9144611358642578,224,3000,7000
231,intersection,"[3000, 7000]",1.905238151550293,200,3000,7000
232,intersection,"[3000, 7000]",1.9245498180389404,178,3000,7000
233,intersection,"[3000, 7000]",1.9021954536437988,207,3000,7000
234,intersection,"[3000, 7000]",1.881378173828125,204,3000,7000
235,intersection,"[3000, 7000]",1.9007880687713623,198,3000,7000
236,intersection,"[3000, 7000]",1.8826904296875,200,3000,7000
237,intersection,"[3000, 7000]",1.9315755367279053,175,3000,7000
238,intersection,"[3000, 7000]",2.027775287628174,191,3000,7000
239,intersection,"[3000, 7000]",1.902052402496338,206,3000,7000
240,intersection,"[3000, 8000]",2.2153048515319824,231,3000,8000
241,intersection,"[3000, 8000]",2.1410677433013916,220,3000,8000
242,intersection,"[3000, 8000]",2.1256935596466064,236,3000,8000
243,intersection,"[3000, 8000]",2.112523078918457,257,3000,8000
244,intersection,"[3000, 8000]",2.1090402603149414,254,3000,8000
245,intersection,"[3000, 8000]",2.1285648345947266,231,3000,8000
246,intersection,"[3000, 8000]",2.118333101272583,251,3000,8000
247,intersection,"[3000, 8000]",2.1123340129852295,241,3000,8000
248,intersection,"[3000, 8000]",2.1189568042755127,229,3000,8000
249,intersection,"[3000, 8000]",2.1174368858337402,221,3000,8000
250,intersection,"[3000, 9000]",2.3579773902893066,271,3000,9000
251,intersection,"[3000, 9000]",2.3654751777648926,249,3000,9000
252,intersection,"[3000, 9000]",2.3440604209899902,280,3000,9000
253,intersection,"[3000, 9000]",2.3585045337677,239,3000,9000
254,intersection,"[3000, 9000]",2.3668100833892822,257,3000,9000
255,intersection,"[3000, 9000]",2.5018069744110107,267,3000,9000
256,intersection,"[3000, 9000]",2.3676998615264893,263,3000,9000
257,intersection,"[3000, 9000]",2.369041681289673,275,3000,9000
258,intersection,"[3000, 9000]",2.3707175254821777,257,3000,9000
259,intersection,"[3000, 9000]",2.383005380630493,242,3000,9000
260,intersection,"[3000, 10000]",2.6234991550445557,286,3000,10000
261,intersection,"[3000, 10000]",2.6231024265289307,272,3000,10000
262,intersection,"[3000, 10000]",2.605003595352173,295,3000,10000
263,intersection,"[3000, 10000]",2.6159307956695557,310,3000,10000
264,intersection,"[3000, 10000]",2.6750636100769043,283,3000,10000
265,intersection,"[3000, 10000]",2.8154807090759277,282,3000,10000
266,intersection,"[3000, 10000]",2.6268045902252197,272,3000,10000
267,intersection,"[3000, 10000]",2.619361400604248,284,3000,10000
268,intersection,"[3000, 10000]",2.6321301460266113,303,3000,10000
269,intersection,"[3000, 10000]",2.640833616256714,302,3000,10000
270,intersection,"[4000, 4000]",1.4355108737945557,154,4000,4000
271,intersection,"[4000, 4000]",1.5260090827941895,173,4000,4000
272,intersection,"[4000, 4000]",1.4503931999206543,134,4000,4000
273,intersection,"[4000, 4000]",1.5379612445831299,137,4000,4000
274,intersection,"[4000, 4000]",1.4419302940368652,133,4000,4000
275,intersection,"[4000, 4000]",1.5242867469787598,152,4000,4000
276,intersection,"[4000, 4000]",1.5131654739379883,148,4000,4000
277,intersection,"[4000, 4000]",1.4642384052276611,174,4000,4000
278,intersection,"[4000, 4000]",1.4937622547149658,167,4000,4000
279,intersection,"[4000, 4000]",1.535456895828247,138,4000,4000
280,intersection,"[4000, 5000]",1.9540808200836182,197,4000,5000
281,intersection,"[4000, 5000]",1.7928102016448975,218,4000,5000
282,intersection,"[4000, 5000]",1.8138988018035889,188,4000,5000
283,intersection,"[4000, 5000]",1.8001255989074707,201,4000,5000
284,intersection,"[4000, 5000]",1.8044445514678955,181,4000,5000
285,intersection,"[4000, 5000]",1.813162088394165,201,4000,5000
286,intersection,"[4000, 5000]",1.8191633224487305,178,4000,5000
287,intersection,"[4000, 5000]",1.891432762145996,185,4000,5000
288,intersection,"[4000, 5000]",1.7906584739685059,202,4000,5000
289,intersection,"[4000, 5000]",1.8016774654388428,190,4000,5000
290,intersection,"[4000, 6000]",2.174042224884033,225,4000,6000
291,intersection,"[4000, 6000]",2.175706624984741,256,4000,6000
292,intersection,"[4000, 6000]",2.150735378265381,267,4000,6000
293,intersection,"[4000, 6000]",2.1711676120758057,220,4000,6000
294,intersection,"[4000, 6000]",2.1563303470611572,214,4000,6000
295,intersection,"[4000, 6000]",2.16037654876709,234,4000,6000
296,intersection,"[4000, 6000]",2.1490375995635986,235,4000,6000
297,intersection,"[4000, 6000]",2.1461057662963867,240,4000,6000
298,intersection,"[4000, 6000]",2.1545019149780273,258,4000,6000
299,intersection,"[4000, 6000]",2.1731791496276855,238,4000,6000
300,intersection,"[4000, 7000]",2.507596254348755,253,4000,7000
301,intersection,"[4000, 7000]",2.489795684814453,274,4000,7000
302,intersection,"[4000, 7000]",2.4951791763305664,283,4000,7000
303,intersection,"[4000, 7000]",2.471944570541382,298,4000,7000
304,intersection,"[4000, 7000]",2.502575397491455,278,4000,7000
305,intersection,"[4000, 7000]",2.514634847640991,276,4000,7000
306,intersection,"[4000, 7000]",2.5022997856140137,275,4000,7000
307,intersection,"[4000, 7000]",2.4840848445892334,275,4000,7000
308,intersection,"[4000, 7000]",2.4885284900665283,286,4000,7000
309,intersection,"[4000, 7000]",2.488483190536499,269,4000,7000
310,intersection,"[4000, 8000]",3.136366367340088,292,4000,8000
311,intersection,"[4000, 8000]",2.841677665710449,305,4000,8000
312,intersection,"[4000, 8000]",2.8456742763519287,304,4000,8000
313,intersection,"[4000, 8000]",2.822895050048828,275,4000,8000
314,intersection,"[4000, 8000]",2.816127061843872,291,4000,8000
315,intersection,"[4000, 8000]",2.8477044105529785,332,4000,8000
316,intersection,"[4000, 8000]",2.820924758911133,316,4000,8000
317,intersection,"[4000, 8000]",2.822192430496216,329,4000,8000
318,intersection,"[4000, 8000]",2.8316638469696045,308,4000,8000
319,intersection,"[4000, 8000]",2.8470184803009033,298,4000,8000
320,intersection,"[4000, 9000]",3.18575382232666,352,4000,9000
321,intersection,"[4000, 9000]",3.175851583480835,325,4000,9000
322,intersection,"[4000, 9000]",3.178743839263916,340,4000,9000
323,intersection,"[4000, 9000]",3.195996046066284,330,4000,9000
324,intersection,"[4000, 9000]",3.235949754714966,330,4000,9000
325,intersection,"[4000, 9000]",3.207277774810791,354,4000,9000
326,intersection,"[4000, 9000]",3.153900146484375,355,4000,9000
327,intersection,"[4000, 9000]",3.165543794631958,356,4000,9000
328,intersection,"[4000, 9000]",3.2219769954681396,312,4000,9000
329,intersection,"[4000, 9000]",3.241166830062866,400,4000,9000
330,intersection,"[4000, 10000]",3.604696035385132,382,4000,10000
331,intersection,"[4000, 10000]",3.5361320972442627,364,4000,10000
332,intersection,"[4000, 10000]",3.511806011199951,360,4000,10000
333,intersection,"[4000, 10000]",3.502703905105591,375,4000,10000
334,intersection,"[4000, 10000]",3.489398956298828,379,4000,10000
335,intersection,"[4000, 10000]",3.570591688156128,371,4000,10000
336,intersection,"[4000, 10000]",3.5110716819763184,371,4000,10000
337,intersection,"[4000, 10000]",3.6488959789276123,429,4000,10000
338,intersection,"[4000, 10000]",3.47920823097229,359,4000,10000
339,intersection,"[4000, 10000]",3.4888875484466553,383,4000,10000
340,intersection,"[5000, 5000]",2.454474687576294,247,5000,5000
341,intersection,"[5000, 5000]",2.231776714324951,238,5000,5000
342,intersection,"[5000, 5000]",2.2193455696105957,238,5000,5000
343,intersection,"[5000, 5000]",2.2202024459838867,229,5000,5000
344,intersection,"[5000, 5000]",2.2273385524749756,261,5000,5000
345,intersection,"[5000, 5000]",2.2289035320281982,245,5000,5000
346,intersection,"[5000, 5000]",2.226045608520508,252,5000,5000
347,intersection,"[5000, 5000]",2.2200424671173096,263,5000,5000
348,intersection,"[5000, 5000]",2.247100591659546,240,5000,5000
349,intersection,"[5000, 5000]",2.2884037494659424,253,5000,5000
350,intersection,"[5000, 6000]",2.811521053314209,290,5000,6000
351,intersection,"[5000, 6000]",2.717573404312134,290,5000,6000
352,intersection,"[5000, 6000]",2.7199158668518066,297,5000,6000
353,intersection,"[5000, 6000]",2.722064733505249,274,5000,6000
354,intersection,"[5000, 6000]",2.6960017681121826,281,5000,6000
355,intersection,"[5000, 6000]",2.6691620349884033,316,5000,6000
356,intersection,"[5000, 6000]",2.7154881954193115,301,5000,6000
357,intersection,"[5000, 6000]",2.714348793029785,286,5000,6000
358,intersection,"[5000, 6000]",2.6960015296936035,300,5000,6000
359,intersection,"[5000, 6000]",2.6835179328918457,289,5000,6000
360,intersection,"[5000, 7000]",3.306518077850342,311,5000,7000
361,intersection,"[5000, 7000]",3.105607509613037,338,5000,7000
362,intersection,"[5000, 7000]",3.116342782974243,351,5000,7000
363,intersection,"[5000, 7000]",3.1348233222961426,315,5000,7000
364,intersection,"[5000, 7000]",3.1086645126342773,340,5000,7000
365,intersection,"[5000, 7000]",3.125966787338257,328,5000,7000
366,intersection,"[5000, 7000]",3.112502098083496,336,5000,7000
367,intersection,"[5000, 7000]",3.1107723712921143,353,5000,7000
368,intersection,"[5000, 7000]",3.106767177581787,355,5000,7000
369,intersection,"[5000, 7000]",3.4135937690734863,372,5000,7000
370,intersection,"[5000, 8000]",3.544482707977295,398,5000,8000
371,intersection,"[5000, 8000]",3.561617851257324,378,5000,8000
372,intersection,"[5000, 8000]",3.551499843597412,376,5000,8000
373,intersection,"[5000, 8000]",3.549156665802002,389,5000,8000
374,intersection,"[5000, 8000]",3.558523654937744,374,5000,8000
375,intersection,"[5000, 8000]",3.5173752307891846,364,5000,8000
376,intersection,"[5000, 8000]",3.5078635215759277,404,5000,8000
377,intersection,"[5000, 8000]",3.4969890117645264,386,5000,8000
378,intersection,"[5000, 8000]",3.5423474311828613,429,5000,8000
379,intersection,"[5000, 8000]",3.5858960151672363,368,5000,8000
380,intersection,"[5000, 9000]",3.9469692707061768,409,5000,9000
381,intersection,"[5000, 9000]",3.9594433307647705,415,5000,9000
382,intersection,"[5000, 9000]",3.9498019218444824,437,5000,9000
383,intersection,"[5000, 9000]",3.9710419178009033,378,5000,9000
384,intersection,"[5000, 9000]",4.030391454696655,437,5000,9000
385,intersection,"[5000, 9000]",4.054468393325806,485,5000,9000
386,intersection,"[5000, 9000]",4.060367584228516,393,5000,9000
387,intersection,"[5000, 9000]",4.3554651737213135,436,5000,9000
388,intersection,"[5000, 9000]",4.196530818939209,434,5000,9000
389,intersection,"[5000, 9000]",4.1362974643707275,445,5000,9000
390,intersection,"[5000, 10000]",4.7093727588653564,499,5000,10000
391,intersection,"[5000, 10000]",4.5382468700408936,468,5000,10000
392,intersection,"[5000, 10000]",4.459190845489502,491,5000,10000
393,intersection,"[5000, 10000]",4.4001054763793945,486,5000,10000
394,intersection,"[5000, 10000]",4.3862833976745605,473,5000,10000
395,intersection,"[5000, 10000]",4.386162757873535,490,5000,10000
396,intersection,"[5000, 10000]",4.3447887897491455,491,5000,10000
397,intersection,"[5000, 10000]",4.453141689300537,507,5000,10000
398,intersection,"[5000, 10000]",4.485135316848755,472,5000,10000
399,intersection,"[5000, 10000]",4.5555126667022705,415,5000,10000
400,intersection,"[6000, 6000]",3.247715950012207,390,6000,6000
401,intersection,"[6000, 6000]",3.234290361404419,356,6000,6000
402,intersection,"[6000, 6000]",3.2548859119415283,329,6000,6000
403,intersection,"[6000, 6000]",3.2836427688598633,366,6000,6000
404,intersection,"[6000, 6000]",3.1912028789520264,383,6000,6000
405,intersection,"[6000, 6000]",3.254601001739502,358,6000,6000
406,intersection,"[6000, 6000]",3.2587807178497314,348,6000,6000
407,intersection,"[6000, 6000]",3.2693991661071777,360,6000,6000
408,intersection,"[6000, 6000]",3.248122215270996,369,6000,6000
409,intersection,"[6000, 6000]",3.2351725101470947,355,6000,6000
410,intersection,"[6000, 7000]",3.8096771240234375,419,6000,7000
411,intersection,"[6000, 7000]",3.788149833679199,410,6000,7000
412,intersection,"[6000, 7000]",3.7743492126464844,376,6000,7000
413,intersection,"[6000, 7000]",3.7311646938323975,437,6000,7000
414,intersection,"[6000, 7000]",3.7980217933654785,424,6000,7000
415,intersection,"[6000, 7000]",3.7358100414276123,401,6000,7000
416,intersection,"[6000, 7000]",3.8230741024017334,427,6000,7000
417,intersection,"[6000, 7000]",3.81062650680542,445,6000,7000
418,intersection,"[6000, 7000]",3.7760672569274902,399,6000,7000
419,intersection,"[6000, 7000]",3.7744433879852295,399,6000,7000
420,intersection,"[6000, 8000]",4.2762486934661865,464,6000,8000
421,intersection,"[6000, 8000]",4.318037509918213,440,6000,8000
422,intersection,"[6000, 8000]",4.3710081577301025,430,6000,8000
423,intersection,"[6000, 8000]",4.288275957107544,431,6000,8000
424,intersection,"[6000, 8000]",4.307446241378784,470,6000,8000
425,intersection,"[6000, 8000]",4.266219139099121,474,6000,8000
426,intersection,"[6000, 8000]",4.305384874343872,475,6000,8000
427,intersection,"[6000, 8000]",4.310828447341919,447,6000,8000
428,intersection,"[6000, 8000]",4.506634473800659,469,6000,8000
429,intersection,"[6000, 8000]",4.301696300506592,440,6000,8000
430,intersection,"[6000, 9000]",4.82556939125061,506,6000,9000
431,intersection,"[6000, 9000]",4.767460107803345,506,6000,9000
432,intersection,"[6000, 9000]",4.82651162147522,494,6000,9000
433,intersection,"[6000, 9000]",4.727610349655151,535,6000,9000
434,intersection,"[6000, 9000]",4.718729019165039,502,6000,9000
435,intersection,"[6000, 9000]",4.715666770935059,493,6000,9000
436,intersection,"[6000, 9000]",4.732358455657959,500,6000,9000
437,intersection,"[6000, 9000]",4.714008569717407,505,6000,9000
438,intersection,"[6000, 9000]",4.765225410461426,526,6000,9000
439,intersection,"[6000, 9000]",4.820766925811768,532,6000,9000
440,intersection,"[6000, 10000]",5.272709131240845,545,6000,10000
441,intersection,"[6000, 10000]",5.261686563491821,531,6000,10000
442,intersection,"[6000, 10000]",5.287007808685303,590,6000,10000
443,intersection,"[6000, 10000]",5.206548690795898,630,6000,10000
444,intersection,"[6000, 10000]",5.602267742156982,552,6000,10000
445,intersection,"[6000, 10000]",5.260367393493652,564,6000,10000
446,intersection,"[6000, 10000]",5.252398490905762,564,6000,10000
447,intersection,"[6000, 10000]",5.254607439041138,594,6000,10000
448,intersection,"[6000, 10000]",5.2714996337890625,552,6000,10000
449,intersection,"[6000, 10000]",5.29917049407959,571,6000,10000
450,intersection,"[7000, 7000]",4.341809511184692,448,7000,7000
451,intersection,"[7000, 7000]",4.375962495803833,443,7000,7000
452,intersection,"[7000, 7000]",4.369524717330933,491,7000,7000
453,intersection,"[7000, 7000]",4.402196884155273,490,7000,7000
454,intersection,"[7000, 7000]",4.361299514770508,460,7000,7000
455,intersection,"[7000, 7000]",4.373732089996338,473,7000,7000
456,intersection,"[7000, 7000]",4.415704965591431,409,7000,7000
457,intersection,"[7000, 7000]",4.4248151779174805,451,7000,7000
458,intersection,"[7000, 7000]",4.432793855667114,447,7000,7000
459,intersection,"[7000, 7000]",4.392131328582764,499,7000,7000
460,intersection,"[7000, 8000]",5.035143852233887,512,7000,8000
461,intersection,"[7000, 8000]",5.044291019439697,565,7000,8000
462,intersection,"[7000, 8000]",4.9522316455841064,566,7000,8000
463,intersection,"[7000, 8000]",4.979016542434692,523,7000,8000
464,intersection,"[7000, 8000]",4.966789960861206,546,7000,8000
465,intersection,"[7000, 8000]",4.977479696273804,532,7000,8000
466,intersection,"[7000, 8000]",4.964810609817505,552,7000,8000
467,intersection,"[7000, 8000]",4.983386993408203,554,7000,8000
468,intersection,"[7000, 8000]",4.963610649108887,522,7000,8000
469,intersection,"[7000, 8000]",5.010265111923218,547,7000,8000
470,intersection,"[7000, 9000]",5.5515382289886475,601,7000,9000
471,intersection,"[7000, 9000]",5.546712398529053,624,7000,9000
472,intersection,"[7000, 9000]",5.668739557266235,640,7000,9000
473,intersection,"[7000, 9000]",5.716860771179199,575,7000,9000
474,intersection,"[7000, 9000]",5.597386121749878,639,7000,9000
475,intersection,"[7000, 9000]",5.6934404373168945,628,7000,9000
476,intersection,"[7000, 9000]",5.597280979156494,622,7000,9000
477,intersection,"[7000, 9000]",5.6280837059021,551,7000,9000
478,intersection,"[7000, 9000]",5.5797741413116455,601,7000,9000
479,intersection,"[7000, 9000]",5.941079378128052,590,7000,9000
480,intersection,"[7000, 10000]",6.17649245262146,663,7000,10000
481,intersection,"[7000, 10000]",6.162735939025879,682,7000,10000
482,intersection,"[7000, 10000]",6.135705947875977,673,7000,10000
483,intersection,"[7000, 10000]",6.11701226234436,695,7000,10000
484,intersection,"[7000, 10000]",6.520933628082275,659,7000,10000
485,intersection,"[7000, 10000]",6.219764471054077,641,7000,10000
486,intersection,"[7000, 10000]",6.2498908042907715,647,7000,10000
487,intersection,"[7000, 10000]",6.2112486362457275,719,7000,10000
488,intersection,"[7000, 10000]",6.224614143371582,668,7000,10000
489,intersection,"[7000, 10000]",6.1125383377075195,646,7000,10000
490,intersection,"[8000, 8000]",5.6458165645599365,588,8000,8000
491,intersection,"[8000, 8000]",5.64914083480835,608,8000,8000
492,intersection,"[8000, 8000]",5.623699903488159,575,8000,8000
493,intersection,"[8000, 8000]",5.658653497695923,617,8000,8000
494,intersection,"[8000, 8000]",5.6421730518341064,581,8000,8000
495,intersection,"[8000, 8000]",5.654078245162964,631,8000,8000
496,intersection,"[8000, 8000]",5.694549322128296,595,8000,8000
497,intersection,"[8000, 8000]",5.763110160827637,622,8000,8000
498,intersection,"[8000, 8000]",5.831390857696533,612,8000,8000
499,intersection,"[8000, 8000]",5.780676364898682,593,8000,8000
500,intersection,"[8000, 9000]",6.398606061935425,731,8000,9000
501,intersection,"[8000, 9000]",6.49002742767334,631,8000,9000
502,intersection,"[8000, 9000]",6.405633211135864,692,8000,9000
503,intersection,"[8000, 9000]",6.402213096618652,713,8000,9000
504,intersection,"[8000, 9000]",6.376960754394531,693,8000,9000
505,intersection,"[8000, 9000]",6.3708014488220215,704,8000,9000
506,intersection,"[8000, 9000]",6.382167816162109,648,8000,9000
507,intersection,"[8000, 9000]",6.432488203048706,632,8000,9000
508,intersection,"[8000, 9000]",6.438049077987671,676,8000,9000
509,intersection,"[8000, 9000]",6.407293796539307,660,8000,9000
510,intersection,"[8000, 10000]",7.04247784614563,744,8000,10000
511,intersection,"[8000, 10000]",7.030216217041016,740,8000,10000
512,intersection,"[8000, 10000]",7.0101845264434814,754,8000,10000
513,intersection,"[8000, 10000]",7.057586669921875,758,8000,10000
514,intersection,"[8000, 10000]",7.125168323516846,739,8000,10000
515,intersection,"[8000, 10000]",7.023317098617554,748,8000,10000
516,intersection,"[8000, 10000]",6.972607374191284,757,8000,10000
517,intersection,"[8000, 10000]",7.07513427734375,747,8000,10000
518,intersection,"[8000, 10000]",7.069997787475586,685,8000,10000
519,intersection,"[8000, 10000]",7.031794786453247,734,8000,10000
520,intersection,"[9000, 9000]",7.1567792892456055,748,9000,9000
521,intersection,"[9000, 9000]",7.13810658454895,760,9000,9000
522,intersection,"[9000, 9000]",7.1487345695495605,748,9000,9000
523,intersection,"[9000, 9000]",7.157191514968872,773,9000,9000
524,intersection,"[9000, 9000]",7.23522424697876,791,9000,9000
525,intersection,"[9000, 9000]",7.256166934967041,762,9000,9000
526,intersection,"[9000, 9000]",7.469018459320068,774,9000,9000
527,intersection,"[9000, 9000]",7.115956544876099,773,9000,9000
528,intersection,"[9000, 9000]",7.055177927017212,821,9000,9000
529,intersection,"[9000, 9000]",7.171748876571655,793,9000,9000
530,intersection,"[9000, 10000]",7.851100444793701,865,9000,10000
531,intersection,"[9000, 10000]",7.837525844573975,901,9000,10000
532,intersection,"[9000, 10000]",7.858050107955933,854,9000,10000
533,intersection,"[9000, 10000]",7.832720518112183,877,9000,10000
534,intersection,"[9000, 10000]",7.950746059417725,839,9000,10000
535,intersection,"[9000, 10000]",7.9998838901519775,877,9000,10000
536,intersection,"[9000, 10000]",7.877803087234497,875,9000,10000
537,intersection,"[9000, 10000]",7.908908128738403,908,9000,10000
538,intersection,"[9000, 10000]",7.990107774734497,876,9000,10000
539,intersection,"[9000, 10000]",8.063209772109985,830,9000,10000
540,intersection,"[10000, 10000]",8.944926738739014,924,10000,10000
541,intersection,"[10000, 10000]",8.910402297973633,941,10000,10000
542,intersection,"[10000, 10000]",8.75484585762024,1000,10000,10000
543,intersection,"[10000, 10000]",8.69195556640625,982,10000,10000
544,intersection,"[10000, 10000]",8.732559204101562,968,10000,10000
545,intersection,"[10000, 10000]",8.718554019927979,949,10000,10000
546,intersection,"[10000, 10000]",8.731681108474731,988,10000,10000
547,intersection,"[10000, 10000]",8.703059434890747,991,10000,10000
548,intersection,"[10000, 10000]",8.772786617279053,988,10000,10000
549,intersection,"[10000, 10000]",8.699370861053467,937,10000,10000
