,linear_sorted,binary_sorted,jump_sorted,found,param_1_length,param_2_value
0,3.1948089599609375e-05,3.814697265625e-06,1.1920928955078125e-05,True,1000,69677
1,4.5299530029296875e-06,3.0994415283203125e-06,3.814697265625e-06,False,1000,7079
2,4.0531158447265625e-06,2.6226043701171875e-06,3.337860107421875e-06,True,1000,5863
3,2.0742416381835938e-05,3.337860107421875e-06,5.7220458984375e-06,False,1000,48472
4,2.384185791015625e-06,1.9073486328125e-06,3.814697265625e-06,True,1000,3237
5,6.67572021484375e-06,2.1457672119140625e-06,3.337860107421875e-06,False,1000,14812
6,1.1920928955078125e-05,2.6226043701171875e-06,5.0067901611328125e-06,True,1000,28104
7,1.239776611328125e-05,2.86102294921875e-06,4.76837158203125e-06,False,1000,30155
8,3.62396240234375e-05,2.6226043701171875e-06,7.867813110351562e-06,True,1000,64609
9,4.696846008300781e-05,3.0994415283203125e-06,8.821487426757812e-06,False,1000,99667
10,3.170967102050781e-05,2.6226043701171875e-06,7.62939453125e-06,True,1000,71742
11,4.76837158203125e-06,2.1457672119140625e-06,3.337860107421875e-06,False,1000,6494
12,3.457069396972656e-05,2.384185791015625e-06,7.62939453125e-06,True,1000,78155
13,1.430511474609375e-06,2.6226043701171875e-06,2.1457672119140625e-06,False,1000,605
14,1.7404556274414062e-05,2.6226043701171875e-06,5.7220458984375e-06,True,1000,40214
15,4.172325134277344e-05,2.384185791015625e-06,8.344650268554688e-06,False,1000,94481
16,4.291534423828125e-06,2.384185791015625e-06,3.0994415283203125e-06,True,1000,7143
17,4.029273986816406e-05,2.1457672119140625e-06,8.821487426757812e-06,False,1000,89843
18,2.4318695068359375e-05,2.6226043701171875e-06,5.9604644775390625e-06,True,1000,52498
19,2.193450927734375e-05,2.86102294921875e-06,5.9604644775390625e-06,False,1000,49419
20,7.867813110351562e-06,2.384185791015625e-06,3.814697265625e-06,True,1000,16055
21,4.076957702636719e-05,2.86102294921875e-06,7.62939453125e-06,False,1000,86729
22,2.193450927734375e-05,1.9073486328125e-06,6.198883056640625e-06,True,1000,46380
23,5.4836273193359375e-06,2.6226043701171875e-06,3.337860107421875e-06,False,1000,10231
24,3.504753112792969e-05,2.384185791015625e-06,7.867813110351562e-06,True,1000,75418
25,8.344650268554688e-06,2.384185791015625e-06,3.337860107421875e-06,False,1000,16869
26,2.47955322265625e-05,1.9073486328125e-06,5.9604644775390625e-06,True,1000,56708
27,3.8623809814453125e-05,2.86102294921875e-06,7.62939453125e-06,False,1000,87580
28,6.4373016357421875e-06,2.384185791015625e-06,3.0994415283203125e-06,True,1000,12592
29,1.5497207641601562e-05,2.6226043701171875e-06,4.0531158447265625e-06,False,1000,33953
30,3.170967102050781e-05,2.384185791015625e-06,8.344650268554688e-06,True,1000,72062
31,6.4373016357421875e-06,2.384185791015625e-06,3.0994415283203125e-06,False,1000,14043
32,2.09808349609375e-05,2.1457672119140625e-06,5.7220458984375e-06,True,1000,47021
33,2.384185791015625e-05,2.6226043701171875e-06,5.245208740234375e-06,False,1000,52614
34,1.430511474609375e-05,2.384185791015625e-06,4.5299530029296875e-06,True,1000,32224
35,2.6226043701171875e-05,2.6226043701171875e-06,6.4373016357421875e-06,False,1000,53400
36,1.5497207641601562e-05,2.384185791015625e-06,4.76837158203125e-06,True,1000,33848
37,3.3855438232421875e-05,2.6226043701171875e-06,8.344650268554688e-06,False,1000,72769
38,2.8133392333984375e-05,2.384185791015625e-06,5.9604644775390625e-06,True,1000,59195
39,2.1696090698242188e-05,2.384185791015625e-06,5.7220458984375e-06,False,1000,46752
40,1.3589859008789062e-05,2.384185791015625e-06,5.0067901611328125e-06,True,1000,31579
41,1.239776611328125e-05,2.6226043701171875e-06,3.5762786865234375e-06,False,1000,23935
42,8.58306884765625e-06,2.1457672119140625e-06,4.0531158447265625e-06,True,1000,19344
43,2.765655517578125e-05,2.384185791015625e-06,7.152557373046875e-06,False,1000,61038
44,4.410743713378906e-05,2.1457672119140625e-06,9.298324584960938e-06,True,1000,97806
45,8.344650268554688e-06,2.384185791015625e-06,3.337860107421875e-06,False,1000,17264
46,1.0251998901367188e-05,2.1457672119140625e-06,4.5299530029296875e-06,True,1000,23182
47,3.814697265625e-05,2.86102294921875e-06,7.867813110351562e-06,False,1000,81548
48,3.790855407714844e-05,2.6226043701171875e-06,7.62939453125e-06,True,1000,81912
49,2.6464462280273438e-05,2.384185791015625e-06,5.7220458984375e-06,False,1000,56662
50,4.458427429199219e-05,2.6226043701171875e-06,9.5367431640625e-06,True,1000,81082
51,3.814697265625e-05,2.384185791015625e-06,7.3909759521484375e-06,False,1000,84130
52,2.384185791015625e-06,2.1457672119140625e-06,2.6226043701171875e-06,True,1000,4205
53,3.0517578125e-05,2.6226043701171875e-06,6.67572021484375e-06,False,1000,65632
54,7.152557373046875e-06,2.384185791015625e-06,3.0994415283203125e-06,True,1000,18814
55,9.059906005859375e-06,2.1457672119140625e-06,3.5762786865234375e-06,False,1000,18049
56,1.2159347534179688e-05,3.0994415283203125e-06,4.291534423828125e-06,True,1000,24265
57,2.574920654296875e-05,2.86102294921875e-06,5.9604644775390625e-06,False,1000,49822
58,4.458427429199219e-05,2.384185791015625e-06,9.059906005859375e-06,True,1000,98951
59,1.5020370483398438e-05,2.6226043701171875e-06,3.814697265625e-06,False,1000,35223
60,2.574920654296875e-05,2.1457672119140625e-06,5.7220458984375e-06,True,1000,55036
61,2.384185791015625e-05,2.6226043701171875e-06,6.198883056640625e-06,False,1000,51653
62,1.430511474609375e-05,2.6226043701171875e-06,4.76837158203125e-06,True,1000,31760
63,4.1961669921875e-05,2.384185791015625e-06,9.775161743164062e-06,False,1000,90184
64,2.1696090698242188e-05,2.86102294921875e-06,5.9604644775390625e-06,True,1000,47128
65,3.457069396972656e-05,2.384185791015625e-06,7.3909759521484375e-06,False,1000,75658
66,3.3855438232421875e-05,2.384185791015625e-06,7.152557373046875e-06,True,1000,66939
67,6.9141387939453125e-06,2.384185791015625e-06,3.5762786865234375e-06,False,1000,16464
68,3.314018249511719e-05,2.1457672119140625e-06,7.3909759521484375e-06,True,1000,72749
69,1.8596649169921875e-05,2.384185791015625e-06,4.76837158203125e-06,False,1000,43263
70,3.0040740966796875e-05,2.86102294921875e-06,7.152557373046875e-06,True,1000,66088
71,2.1457672119140625e-06,2.384185791015625e-06,2.384185791015625e-06,False,1000,3492
72,2.1696090698242188e-05,2.6226043701171875e-06,5.7220458984375e-06,True,1000,47203
73,1.8835067749023438e-05,2.384185791015625e-06,4.76837158203125e-06,False,1000,40965
74,3.337860107421875e-06,2.6226043701171875e-06,3.337860107421875e-06,True,1000,5920
75,2.6941299438476562e-05,2.1457672119140625e-06,5.7220458984375e-06,False,1000,62269
76,3.5762786865234375e-05,2.6226043701171875e-06,7.867813110351562e-06,True,1000,78910
77,1.5735626220703125e-05,2.384185791015625e-06,5.7220458984375e-06,False,1000,35218
78,9.298324584960938e-06,2.1457672119140625e-06,4.291534423828125e-06,True,1000,21368
79,1.811981201171875e-05,2.6226043701171875e-06,5.0067901611328125e-06,False,1000,42328
80,1.6927719116210938e-05,2.6226043701171875e-06,4.5299530029296875e-06,True,1000,38004
81,4.5299530029296875e-05,2.6226043701171875e-06,8.106231689453125e-06,False,1000,96607
82,5.9604644775390625e-06,2.6226043701171875e-06,3.0994415283203125e-06,True,1000,12082
83,4.76837158203125e-06,1.9073486328125e-06,2.6226043701171875e-06,False,1000,8851
84,3.266334533691406e-05,2.384185791015625e-06,7.62939453125e-06,True,1000,70663
85,2.765655517578125e-05,2.1457672119140625e-06,6.4373016357421875e-06,False,1000,60838
86,6.4373016357421875e-06,2.1457672119140625e-06,3.337860107421875e-06,True,1000,13813
87,2.7894973754882812e-05,2.1457672119140625e-06,5.9604644775390625e-06,False,1000,62111
88,2.574920654296875e-05,2.384185791015625e-06,5.9604644775390625e-06,True,1000,58339
89,4.315376281738281e-05,2.384185791015625e-06,8.106231689453125e-06,False,1000,91375
90,3.5762786865234375e-05,2.384185791015625e-06,7.152557373046875e-06,True,1000,78682
91,6.67572021484375e-06,2.6226043701171875e-06,3.5762786865234375e-06,False,1000,12178
92,5.245208740234375e-06,2.1457672119140625e-06,2.86102294921875e-06,True,1000,10307
93,3.5762786865234375e-05,2.86102294921875e-06,5.9604644775390625e-06,False,1000,66495
94,5.245208740234375e-06,2.6226043701171875e-06,3.0994415283203125e-06,True,1000,8981
95,1.6689300537109375e-05,2.384185791015625e-06,4.5299530029296875e-06,False,1000,38791
96,2.2172927856445312e-05,2.384185791015625e-06,5.0067901611328125e-06,True,1000,47260
97,1.1920928955078125e-05,2.384185791015625e-06,4.0531158447265625e-06,False,1000,25735
98,2.0742416381835938e-05,3.337860107421875e-06,5.245208740234375e-06,True,1000,49765
99,1.7881393432617188e-05,2.384185791015625e-06,5.245208740234375e-06,False,1000,36322
100,6.890296936035156e-05,3.0994415283203125e-06,1.0013580322265625e-05,True,2000,74864
101,8.416175842285156e-05,2.86102294921875e-06,1.0728836059570312e-05,False,2000,90137
102,9.226799011230469e-05,3.0994415283203125e-06,1.1444091796875e-05,True,2000,79657
103,2.574920654296875e-05,2.6226043701171875e-06,5.4836273193359375e-06,False,2000,26901
104,8.225440979003906e-05,2.86102294921875e-06,1.0967254638671875e-05,True,2000,89946
105,4.601478576660156e-05,2.6226043701171875e-06,6.67572021484375e-06,False,2000,51606
106,9.059906005859375e-06,2.384185791015625e-06,3.814697265625e-06,True,2000,9936
107,4.220008850097656e-05,2.6226043701171875e-06,6.4373016357421875e-06,False,2000,45172
108,7.915496826171875e-05,2.384185791015625e-06,9.298324584960938e-06,True,2000,74202
109,5.14984130859375e-05,2.6226043701171875e-06,7.867813110351562e-06,False,2000,56615
110,1.049041748046875e-05,2.384185791015625e-06,4.291534423828125e-06,True,2000,12071
111,1.7404556274414062e-05,2.6226043701171875e-06,5.7220458984375e-06,False,2000,18623
112,2.86102294921875e-06,2.384185791015625e-06,4.0531158447265625e-06,True,2000,2176
113,6.67572021484375e-05,2.6226043701171875e-06,1.0251998901367188e-05,False,2000,71189
114,7.82012939453125e-05,2.384185791015625e-06,9.775161743164062e-06,True,2000,72885
115,8.535385131835938e-05,2.6226043701171875e-06,1.1920928955078125e-05,False,2000,96247
116,7.414817810058594e-05,2.86102294921875e-06,1.049041748046875e-05,True,2000,81354
117,8.702278137207031e-05,3.0994415283203125e-06,1.1920928955078125e-05,False,2000,95649
118,2.8371810913085938e-05,2.384185791015625e-06,6.198883056640625e-06,True,2000,31373
119,1.0251998901367188e-05,2.86102294921875e-06,4.291534423828125e-06,False,2000,10269
120,5.4836273193359375e-06,2.1457672119140625e-06,3.337860107421875e-06,True,2000,5659
121,8.797645568847656e-05,2.6226043701171875e-06,1.239776611328125e-05,False,2000,95451
122,9.059906005859375e-06,2.6226043701171875e-06,3.814697265625e-06,True,2000,9746
123,3.8623809814453125e-05,2.6226043701171875e-06,6.9141387939453125e-06,False,2000,40619
124,7.700920104980469e-05,2.6226043701171875e-06,1.1682510375976562e-05,True,2000,85198
125,3.981590270996094e-05,2.6226043701171875e-06,7.152557373046875e-06,False,2000,41531
126,4.7206878662109375e-05,3.0994415283203125e-06,8.344650268554688e-06,True,2000,52930
127,9.036064147949219e-05,2.6226043701171875e-06,1.0013580322265625e-05,False,2000,85527
128,9.131431579589844e-05,2.6226043701171875e-06,1.1205673217773438e-05,True,2000,99899
129,2.6226043701171875e-05,2.6226043701171875e-06,5.245208740234375e-06,False,2000,30243
130,3.409385681152344e-05,2.86102294921875e-06,6.198883056640625e-06,True,2000,35195
131,5.9604644775390625e-06,3.0994415283203125e-06,3.5762786865234375e-06,False,2000,6099
132,3.5762786865234375e-06,2.384185791015625e-06,2.86102294921875e-06,True,2000,2442
133,1.7404556274414062e-05,2.6226043701171875e-06,5.0067901611328125e-06,False,2000,19072
134,4.601478576660156e-05,2.86102294921875e-06,6.9141387939453125e-06,True,2000,51590
135,1.4543533325195312e-05,3.0994415283203125e-06,5.7220458984375e-06,False,2000,16511
136,1.239776611328125e-05,3.0994415283203125e-06,4.291534423828125e-06,True,2000,11454
137,1.0967254638671875e-05,2.6226043701171875e-06,4.0531158447265625e-06,False,2000,11015
138,2.3365020751953125e-05,2.384185791015625e-06,6.198883056640625e-06,True,2000,27293
139,2.86102294921875e-05,2.6226043701171875e-06,5.9604644775390625e-06,False,2000,33000
140,2.1219253540039062e-05,2.86102294921875e-06,5.4836273193359375e-06,True,2000,22427
141,7.390975952148438e-05,2.6226043701171875e-06,9.775161743164062e-06,False,2000,80448
142,1.9311904907226562e-05,2.86102294921875e-06,5.0067901611328125e-06,True,2000,21062
143,5.0067901611328125e-05,3.0994415283203125e-06,7.3909759521484375e-06,False,2000,45338
144,8.916854858398438e-05,2.6226043701171875e-06,1.1682510375976562e-05,True,2000,98361
145,2.1219253540039062e-05,2.86102294921875e-06,4.76837158203125e-06,False,2000,21408
146,9.775161743164062e-06,2.6226043701171875e-06,3.5762786865234375e-06,True,2000,8330
147,5.245208740234375e-05,2.6226043701171875e-06,8.106231689453125e-06,False,2000,58527
148,3.9577484130859375e-05,2.86102294921875e-06,6.9141387939453125e-06,True,2000,42447
149,8.893013000488281e-05,2.384185791015625e-06,1.1444091796875e-05,False,2000,95428
150,8.344650268554688e-05,2.6226043701171875e-06,1.0013580322265625e-05,True,2000,82222
151,8.916854858398438e-05,2.6226043701171875e-06,1.1682510375976562e-05,False,2000,99748
152,3.528594970703125e-05,2.384185791015625e-06,6.67572021484375e-06,True,2000,37067
153,4.744529724121094e-05,2.6226043701171875e-06,7.62939453125e-06,False,2000,51835
154,5.1021575927734375e-05,1.6689300537109375e-06,8.821487426757812e-06,True,2000,55443
155,1.0728836059570312e-05,2.384185791015625e-06,4.76837158203125e-06,False,2000,12612
156,5.1021575927734375e-05,2.384185791015625e-06,8.106231689453125e-06,True,2000,56472
157,3.838539123535156e-05,2.86102294921875e-06,6.4373016357421875e-06,False,2000,39860
158,4.458427429199219e-05,2.86102294921875e-06,6.9141387939453125e-06,True,2000,49448
159,2.1457672119140625e-06,2.384185791015625e-06,3.5762786865234375e-06,False,2000,1801
160,4.744529724121094e-05,1.9073486328125e-06,6.4373016357421875e-06,True,2000,51739
161,1.1444091796875e-05,2.86102294921875e-06,4.5299530029296875e-06,False,2000,11204
162,8.96453857421875e-05,2.384185791015625e-06,1.239776611328125e-05,True,2000,98492
163,1.5020370483398438e-05,2.6226043701171875e-06,5.0067901611328125e-06,False,2000,17403
164,2.7179718017578125e-05,2.6226043701171875e-06,6.198883056640625e-06,True,2000,29154
165,1.52587890625e-05,2.86102294921875e-06,4.76837158203125e-06,False,2000,16608
166,3.266334533691406e-05,2.6226043701171875e-06,5.245208740234375e-06,True,2000,30858
167,5.269050598144531e-05,2.86102294921875e-06,8.58306884765625e-06,False,2000,60346
168,3.552436828613281e-05,3.0994415283203125e-06,7.152557373046875e-06,True,2000,35810
169,8.130073547363281e-05,2.6226043701171875e-06,1.0013580322265625e-05,False,2000,82789
170,7.224082946777344e-05,2.86102294921875e-06,1.0728836059570312e-05,True,2000,80584
171,2.4557113647460938e-05,2.6226043701171875e-06,5.7220458984375e-06,False,2000,24734
172,8.416175842285156e-05,2.6226043701171875e-06,1.1682510375976562e-05,True,2000,89611
173,3.719329833984375e-05,2.6226043701171875e-06,6.198883056640625e-06,False,2000,38800
174,8.273124694824219e-05,3.337860107421875e-06,1.3589859008789062e-05,True,2000,78281
175,8.893013000488281e-05,2.6226043701171875e-06,1.1682510375976562e-05,False,2000,97526
176,1.2159347534179688e-05,2.384185791015625e-06,3.5762786865234375e-06,True,2000,13776
177,4.601478576660156e-05,2.6226043701171875e-06,6.4373016357421875e-06,False,2000,41384
178,3.62396240234375e-05,2.6226043701171875e-06,6.4373016357421875e-06,True,2000,33226
179,7.748603820800781e-05,2.6226043701171875e-06,1.0728836059570312e-05,False,2000,84588
180,8.368492126464844e-05,2.384185791015625e-06,9.775161743164062e-06,True,2000,79546
181,1.8358230590820312e-05,3.0994415283203125e-06,6.198883056640625e-06,False,2000,20205
182,4.029273986816406e-05,3.0994415283203125e-06,8.58306884765625e-06,True,2000,43454
183,5.8650970458984375e-05,2.6226043701171875e-06,7.152557373046875e-06,False,2000,58752
184,2.4080276489257812e-05,2.6226043701171875e-06,5.7220458984375e-06,True,2000,26756
185,7.009506225585938e-05,2.6226043701171875e-06,9.059906005859375e-06,False,2000,76712
186,4.935264587402344e-05,2.86102294921875e-06,8.58306884765625e-06,True,2000,53128
187,4.9591064453125e-05,2.6226043701171875e-06,8.344650268554688e-06,False,2000,53286
188,1.3828277587890625e-05,2.384185791015625e-06,5.4836273193359375e-06,True,2000,15085
189,2.8133392333984375e-05,2.86102294921875e-06,5.245208740234375e-06,False,2000,30744
190,4.5299530029296875e-06,2.6226043701171875e-06,3.814697265625e-06,True,2000,4020
191,7.271766662597656e-05,2.384185791015625e-06,1.0967254638671875e-05,False,2000,78547
192,4.5299530029296875e-06,2.6226043701171875e-06,3.814697265625e-06,True,2000,2993
193,2.6702880859375e-05,2.6226043701171875e-06,5.9604644775390625e-06,False,2000,27857
194,6.532669067382812e-05,2.6226043701171875e-06,9.5367431640625e-06,True,2000,71338
195,4.3392181396484375e-05,2.384185791015625e-06,6.9141387939453125e-06,False,2000,41314
196,8.153915405273438e-05,2.86102294921875e-06,1.0013580322265625e-05,True,2000,85873
197,4.6253204345703125e-05,2.1457672119140625e-06,8.344650268554688e-06,False,2000,50570
198,1.71661376953125e-05,2.86102294921875e-06,4.5299530029296875e-06,True,2000,14960
199,7.891654968261719e-05,2.86102294921875e-06,1.0967254638671875e-05,False,2000,82995
200,2.3603439331054688e-05,3.0994415283203125e-06,7.152557373046875e-06,True,3000,13775
201,0.0001285076141357422,2.86102294921875e-06,1.3113021850585938e-05,False,3000,94103
202,4.57763671875e-05,3.337860107421875e-06,8.344650268554688e-06,True,3000,34032
203,1.8596649169921875e-05,2.86102294921875e-06,4.76837158203125e-06,False,3000,13096
204,8.344650268554688e-06,2.6226043701171875e-06,3.5762786865234375e-06,True,3000,6349
205,5.888938903808594e-05,3.337860107421875e-06,9.298324584960938e-06,False,3000,44076
206,0.00010895729064941406,2.384185791015625e-06,1.239776611328125e-05,True,3000,80537
207,8.559226989746094e-05,3.0994415283203125e-06,1.0251998901367188e-05,False,3000,60567
208,3.0517578125e-05,2.6226043701171875e-06,6.9141387939453125e-06,True,3000,21234
209,0.00010085105895996094,3.0994415283203125e-06,1.049041748046875e-05,False,3000,56603
210,0.00012254714965820312,2.6226043701171875e-06,1.4066696166992188e-05,True,3000,87203
211,9.989738464355469e-05,3.337860107421875e-06,1.0967254638671875e-05,False,3000,63311
212,8.821487426757812e-06,2.6226043701171875e-06,4.0531158447265625e-06,True,3000,6243
213,5.793571472167969e-05,2.6226043701171875e-06,7.62939453125e-06,False,3000,41113
214,2.4080276489257812e-05,2.6226043701171875e-06,6.198883056640625e-06,True,3000,16878
215,8.153915405273438e-05,2.6226043701171875e-06,9.298324584960938e-06,False,3000,58329
216,2.1219253540039062e-05,2.6226043701171875e-06,5.4836273193359375e-06,True,3000,15531
217,4.673004150390625e-05,2.384185791015625e-06,6.4373016357421875e-06,False,3000,33037
218,0.00010347366333007812,1.9073486328125e-06,1.0251998901367188e-05,True,3000,73365
219,0.00011920928955078125,2.86102294921875e-06,1.3113021850585938e-05,False,3000,87285
220,6.818771362304688e-05,2.6226043701171875e-06,8.821487426757812e-06,True,3000,47875
221,0.00015854835510253906,3.337860107421875e-06,1.4066696166992188e-05,False,3000,87433
222,1.2636184692382812e-05,3.0994415283203125e-06,3.814697265625e-06,True,3000,9038
223,7.319450378417969e-05,2.86102294921875e-06,8.821487426757812e-06,False,3000,53081
224,3.147125244140625e-05,2.384185791015625e-06,6.67572021484375e-06,True,3000,22799
225,8.225440979003906e-05,2.86102294921875e-06,1.0013580322265625e-05,False,3000,62426
226,0.0001270771026611328,2.86102294921875e-06,1.4543533325195312e-05,True,3000,93656
227,5.1021575927734375e-05,3.0994415283203125e-06,6.9141387939453125e-06,False,3000,38089
228,0.00012159347534179688,2.1457672119140625e-06,1.1920928955078125e-05,True,3000,86493
229,8.821487426757812e-06,2.86102294921875e-06,4.291534423828125e-06,False,3000,6569
230,4.029273986816406e-05,2.86102294921875e-06,5.9604644775390625e-06,True,3000,30161
231,6.866455078125e-05,2.6226043701171875e-06,8.58306884765625e-06,False,3000,50623
232,3.62396240234375e-05,2.86102294921875e-06,8.106231689453125e-06,True,3000,27030
233,1.5974044799804688e-05,3.0994415283203125e-06,3.814697265625e-06,False,3000,9386
234,0.00011277198791503906,2.86102294921875e-06,1.1920928955078125e-05,True,3000,81138
235,6.461143493652344e-05,2.86102294921875e-06,8.106231689453125e-06,False,3000,41814
236,5.245208740234375e-05,3.0994415283203125e-06,7.3909759521484375e-06,True,3000,33743
237,2.956390380859375e-05,2.6226043701171875e-06,4.5299530029296875e-06,False,3000,19812
238,7.963180541992188e-05,2.86102294921875e-06,1.0013580322265625e-05,True,3000,58779
239,0.00012540817260742188,2.6226043701171875e-06,1.2636184692382812e-05,False,3000,90654
240,1.1682510375976562e-05,2.6226043701171875e-06,5.245208740234375e-06,True,3000,8398
241,6.127357482910156e-05,2.86102294921875e-06,8.58306884765625e-06,False,3000,44068
242,8.630752563476562e-05,2.384185791015625e-06,1.0251998901367188e-05,True,3000,61054
243,3.2901763916015625e-05,2.86102294921875e-06,6.4373016357421875e-06,False,3000,23676
244,0.00010395050048828125,2.86102294921875e-06,1.1682510375976562e-05,True,3000,74828
245,7.963180541992188e-05,2.86102294921875e-06,9.298324584960938e-06,False,3000,56492
246,3.814697265625e-06,2.86102294921875e-06,2.86102294921875e-06,True,3000,2296
247,3.790855407714844e-05,2.6226043701171875e-06,5.7220458984375e-06,False,3000,26163
248,8.106231689453125e-06,2.86102294921875e-06,3.814697265625e-06,True,3000,5982
249,0.0001227855682373047,2.384185791015625e-06,1.2636184692382812e-05,False,3000,87724
250,0.00013303756713867188,2.86102294921875e-06,1.2636184692382812e-05,True,3000,93203
251,5.1021575927734375e-05,3.0994415283203125e-06,7.62939453125e-06,False,3000,37284
252,8.702278137207031e-05,2.86102294921875e-06,8.58306884765625e-06,True,3000,54874
253,5.817413330078125e-05,3.0994415283203125e-06,7.3909759521484375e-06,False,3000,40707
254,0.00011396408081054688,2.6226043701171875e-06,1.2636184692382812e-05,True,3000,83376
255,6.628036499023438e-05,2.6226043701171875e-06,7.867813110351562e-06,False,3000,48065
256,5.245208740234375e-06,3.0994415283203125e-06,4.291534423828125e-06,True,3000,2577
257,9.107589721679688e-05,2.86102294921875e-06,9.775161743164062e-06,False,3000,64670
258,1.8596649169921875e-05,2.1457672119140625e-06,4.76837158203125e-06,True,3000,11700
259,0.00014543533325195312,2.1457672119140625e-06,1.52587890625e-05,False,3000,83529
260,9.059906005859375e-05,2.6226043701171875e-06,1.0967254638671875e-05,True,3000,66371
261,1.811981201171875e-05,2.6226043701171875e-06,4.291534423828125e-06,False,3000,12507
262,6.270408630371094e-05,2.6226043701171875e-06,8.58306884765625e-06,True,3000,45873
263,0.0001380443572998047,2.6226043701171875e-06,1.33514404296875e-05,False,3000,99718
264,2.7179718017578125e-05,2.6226043701171875e-06,5.9604644775390625e-06,True,3000,19855
265,6.365776062011719e-05,2.86102294921875e-06,7.3909759521484375e-06,False,3000,45573
266,3.123283386230469e-05,2.6226043701171875e-06,5.4836273193359375e-06,True,3000,21827
267,1.4543533325195312e-05,2.6226043701171875e-06,5.4836273193359375e-06,False,3000,10946
268,7.987022399902344e-05,2.6226043701171875e-06,8.344650268554688e-06,True,3000,57449
269,5.91278076171875e-05,2.86102294921875e-06,9.059906005859375e-06,False,3000,43703
270,5.9604644775390625e-06,2.86102294921875e-06,2.86102294921875e-06,True,3000,3859
271,5.841255187988281e-05,2.86102294921875e-06,6.9141387939453125e-06,False,3000,34654
272,1.5020370483398438e-05,3.0994415283203125e-06,4.0531158447265625e-06,True,3000,10911
273,7.009506225585938e-05,2.86102294921875e-06,9.298324584960938e-06,False,3000,49963
274,0.0001246929168701172,2.384185791015625e-06,1.4066696166992188e-05,True,3000,91919
275,0.0001266002655029297,2.6226043701171875e-06,1.1682510375976562e-05,False,3000,92047
276,0.00012183189392089844,2.6226043701171875e-06,1.3113021850585938e-05,True,3000,88240
277,6.9141387939453125e-06,2.6226043701171875e-06,3.814697265625e-06,False,3000,4468
278,8.106231689453125e-05,2.384185791015625e-06,1.0251998901367188e-05,True,3000,53558
279,8.106231689453125e-05,2.86102294921875e-06,9.059906005859375e-06,False,3000,60688
280,3.5762786865234375e-05,2.1457672119140625e-06,6.67572021484375e-06,True,3000,26834
281,0.00014209747314453125,2.86102294921875e-06,1.3828277587890625e-05,False,3000,99615
282,6.008148193359375e-05,2.86102294921875e-06,6.9141387939453125e-06,True,3000,42942
283,2.0742416381835938e-05,2.6226043701171875e-06,5.245208740234375e-06,False,3000,15453
284,4.291534423828125e-06,3.0994415283203125e-06,3.337860107421875e-06,True,3000,3266
285,5.8650970458984375e-05,2.6226043701171875e-06,8.58306884765625e-06,False,3000,43191
286,0.00013709068298339844,2.6226043701171875e-06,1.239776611328125e-05,True,3000,99054
287,4.935264587402344e-05,2.6226043701171875e-06,7.867813110351562e-06,False,3000,36830
288,3.7670135498046875e-05,2.86102294921875e-06,7.152557373046875e-06,True,3000,26449
289,8.463859558105469e-05,2.86102294921875e-06,8.821487426757812e-06,False,3000,60909
290,4.673004150390625e-05,2.86102294921875e-06,7.3909759521484375e-06,True,3000,33921
291,0.00010275840759277344,3.814697265625e-06,1.811981201171875e-05,False,3000,75653
292,8.344650268554688e-06,3.0994415283203125e-06,3.337860107421875e-06,True,3000,5796
293,5.9604644775390625e-05,3.5762786865234375e-06,9.298324584960938e-06,False,3000,42869
294,0.00011181831359863281,3.5762786865234375e-06,1.0728836059570312e-05,True,3000,58918
295,0.00012040138244628906,3.0994415283203125e-06,1.33514404296875e-05,False,3000,86783
296,8.535385131835938e-05,3.0994415283203125e-06,9.775161743164062e-06,True,3000,61655
297,0.00013184547424316406,2.86102294921875e-06,1.33514404296875e-05,False,3000,92618
298,0.00011873245239257812,2.384185791015625e-06,1.5974044799804688e-05,True,3000,87645
299,2.1696090698242188e-05,2.86102294921875e-06,5.9604644775390625e-06,False,3000,16398
300,0.00017642974853515625,3.337860107421875e-06,1.7404556274414062e-05,True,4000,96886
301,5.316734313964844e-05,3.814697265625e-06,8.344650268554688e-06,False,4000,25014
302,1.0013580322265625e-05,3.0994415283203125e-06,4.0531158447265625e-06,True,4000,5767
303,9.298324584960938e-05,3.0994415283203125e-06,1.0967254638671875e-05,False,4000,48713
304,9.751319885253906e-05,3.0994415283203125e-06,1.0013580322265625e-05,True,4000,52229
305,7.534027099609375e-05,3.0994415283203125e-06,9.059906005859375e-06,False,4000,39222
306,8.249282836914062e-05,3.337860107421875e-06,8.821487426757812e-06,True,4000,44291
307,0.00010085105895996094,3.0994415283203125e-06,1.0251998901367188e-05,False,4000,51536
308,9.036064147949219e-05,3.337860107421875e-06,9.5367431640625e-06,True,4000,49855
309,2.3126602172851562e-05,3.0994415283203125e-06,5.0067901611328125e-06,False,4000,11175
310,7.128715515136719e-05,3.337860107421875e-06,8.58306884765625e-06,True,4000,35536
311,0.00018262863159179688,3.5762786865234375e-06,1.7404556274414062e-05,False,4000,99109
312,0.00010442733764648438,2.86102294921875e-06,1.0967254638671875e-05,True,4000,52536
313,0.00013518333435058594,3.337860107421875e-06,1.430511474609375e-05,False,4000,72399
314,8.082389831542969e-05,3.0994415283203125e-06,1.1205673217773438e-05,True,4000,43829
315,0.00015234947204589844,3.0994415283203125e-06,1.430511474609375e-05,False,4000,80191
316,0.00010943412780761719,3.5762786865234375e-06,1.1444091796875e-05,True,4000,59493
317,5.650520324707031e-05,2.86102294921875e-06,7.867813110351562e-06,False,4000,30153
318,6.67572021484375e-06,2.6226043701171875e-06,3.0994415283203125e-06,True,4000,3163
319,4.696846008300781e-05,2.86102294921875e-06,6.9141387939453125e-06,False,4000,25449
320,9.298324584960938e-05,2.86102294921875e-06,9.298324584960938e-06,True,4000,50849
321,3.170967102050781e-05,2.6226043701171875e-06,6.9141387939453125e-06,False,4000,17347
322,0.0001246929168701172,3.0994415283203125e-06,1.2636184692382812e-05,True,4000,66403
323,6.890296936035156e-05,3.0994415283203125e-06,9.5367431640625e-06,False,4000,36703
324,1.1444091796875e-05,2.6226043701171875e-06,5.245208740234375e-06,True,4000,6427
325,0.0001423358917236328,2.86102294921875e-06,1.239776611328125e-05,False,4000,79234
326,4.76837158203125e-05,2.6226043701171875e-06,7.867813110351562e-06,True,4000,24495
327,1.3589859008789062e-05,2.6226043701171875e-06,5.0067901611328125e-06,False,4000,7452
328,0.0001399517059326172,3.337860107421875e-06,1.4543533325195312e-05,True,4000,74638
329,0.00014352798461914062,2.86102294921875e-06,1.2636184692382812e-05,False,4000,76329
330,7.891654968261719e-05,2.6226043701171875e-06,9.5367431640625e-06,True,4000,43154
331,7.987022399902344e-05,2.6226043701171875e-06,8.821487426757812e-06,False,4000,42971
332,2.1219253540039062e-05,3.0994415283203125e-06,4.5299530029296875e-06,True,4000,10562
333,0.0001347064971923828,2.86102294921875e-06,1.2874603271484375e-05,False,4000,71925
334,0.00016617774963378906,3.0994415283203125e-06,1.621246337890625e-05,True,4000,90062
335,2.8371810913085938e-05,2.86102294921875e-06,5.9604644775390625e-06,False,4000,15832
336,8.416175842285156e-05,2.86102294921875e-06,8.106231689453125e-06,True,4000,44635
337,0.0001385211944580078,2.86102294921875e-06,1.2636184692382812e-05,False,4000,74932
338,0.00011801719665527344,3.0994415283203125e-06,1.2874603271484375e-05,True,4000,65320
339,9.274482727050781e-05,2.86102294921875e-06,1.0013580322265625e-05,False,4000,49798
340,9.202957153320312e-05,2.384185791015625e-06,1.0967254638671875e-05,True,4000,50449
341,0.00017452239990234375,2.6226043701171875e-06,1.33514404296875e-05,False,4000,93783
342,0.0001735687255859375,2.6226043701171875e-06,1.5020370483398438e-05,True,4000,95402
343,0.00012254714965820312,2.86102294921875e-06,1.2636184692382812e-05,False,4000,67146
344,8.535385131835938e-05,2.86102294921875e-06,9.298324584960938e-06,True,4000,46745
345,8.7738037109375e-05,3.0994415283203125e-06,9.059906005859375e-06,False,4000,45255
346,4.0531158447265625e-05,3.0994415283203125e-06,5.4836273193359375e-06,True,4000,21548
347,4.744529724121094e-05,3.0994415283203125e-06,6.4373016357421875e-06,False,4000,25343
348,0.0001678466796875,2.86102294921875e-06,1.3113021850585938e-05,True,4000,86556
349,4.9114227294921875e-05,2.86102294921875e-06,6.9141387939453125e-06,False,4000,25839
350,7.724761962890625e-05,2.6226043701171875e-06,8.106231689453125e-06,True,4000,41507
351,0.00014400482177734375,2.86102294921875e-06,1.4066696166992188e-05,False,4000,77864
352,2.1457672119140625e-05,2.6226043701171875e-06,5.0067901611328125e-06,True,4000,10350
353,6.29425048828125e-05,3.0994415283203125e-06,8.106231689453125e-06,False,4000,32981
354,0.000152587890625,2.1457672119140625e-06,1.2159347534179688e-05,True,4000,80451
355,9.298324584960938e-06,3.0994415283203125e-06,4.5299530029296875e-06,False,4000,3982
356,0.0001723766326904297,2.86102294921875e-06,1.430511474609375e-05,True,4000,95329
357,2.1696090698242188e-05,3.0994415283203125e-06,4.76837158203125e-06,False,4000,11271
358,0.0001652240753173828,3.0994415283203125e-06,1.4543533325195312e-05,True,4000,73388
359,3.886222839355469e-05,2.86102294921875e-06,5.9604644775390625e-06,False,4000,20675
360,0.00014972686767578125,3.0994415283203125e-06,1.3589859008789062e-05,True,4000,79287
361,3.981590270996094e-05,2.6226043701171875e-06,6.198883056640625e-06,False,4000,21125
362,8.96453857421875e-05,2.86102294921875e-06,8.821487426757812e-06,True,4000,48000
363,9.059906005859375e-06,2.86102294921875e-06,2.86102294921875e-06,False,4000,4747
364,0.00020551681518554688,3.0994415283203125e-06,1.5735626220703125e-05,True,4000,95552
365,0.00018644332885742188,2.6226043701171875e-06,1.6689300537109375e-05,False,4000,97205
366,6.127357482910156e-05,2.86102294921875e-06,8.106231689453125e-06,True,4000,33416
367,0.00010156631469726562,2.86102294921875e-06,1.049041748046875e-05,False,4000,51159
368,1.2159347534179688e-05,4.0531158447265625e-06,5.0067901611328125e-06,True,4000,4987
369,1.5974044799804688e-05,3.0994415283203125e-06,4.5299530029296875e-06,False,4000,7124
370,0.00013375282287597656,3.337860107421875e-06,1.33514404296875e-05,True,4000,71547
371,0.0001125335693359375,2.86102294921875e-06,1.0728836059570312e-05,False,4000,60473
372,0.00016951560974121094,3.0994415283203125e-06,1.5497207641601562e-05,True,4000,88245
373,5.53131103515625e-05,2.86102294921875e-06,5.9604644775390625e-06,False,4000,30577
374,8.320808410644531e-05,2.6226043701171875e-06,9.298324584960938e-06,True,4000,44707
375,0.0001628398895263672,3.0994415283203125e-06,1.3589859008789062e-05,False,4000,88919
376,0.00015664100646972656,2.6226043701171875e-06,1.4066696166992188e-05,True,4000,83319
377,2.9802322387695312e-05,2.86102294921875e-06,4.76837158203125e-06,False,4000,15519
378,6.914138793945312e-05,2.86102294921875e-06,9.5367431640625e-06,True,4000,37797
379,9.560585021972656e-05,2.86102294921875e-06,1.0251998901367188e-05,False,4000,52194
380,4.744529724121094e-05,3.337860107421875e-06,8.106231689453125e-06,True,4000,19469
381,0.00015854835510253906,2.86102294921875e-06,1.52587890625e-05,False,4000,85109
382,8.463859558105469e-05,3.0994415283203125e-06,1.049041748046875e-05,True,4000,45320
383,8.726119995117188e-05,2.86102294921875e-06,1.0251998901367188e-05,False,4000,48038
384,9.226799011230469e-05,2.86102294921875e-06,9.5367431640625e-06,True,4000,50637
385,0.0001575946807861328,2.86102294921875e-06,1.2874603271484375e-05,False,4000,84520
386,9.322166442871094e-05,3.337860107421875e-06,9.298324584960938e-06,True,4000,51385
387,0.0001163482666015625,3.0994415283203125e-06,1.2159347534179688e-05,False,4000,63607
388,0.00019025802612304688,2.6226043701171875e-06,1.2636184692382812e-05,True,4000,89052
389,3.910064697265625e-05,2.6226043701171875e-06,6.9141387939453125e-06,False,4000,20015
390,0.0001423358917236328,2.6226043701171875e-06,1.3113021850585938e-05,True,4000,77469
391,6.628036499023438e-05,2.86102294921875e-06,8.106231689453125e-06,False,4000,35815
392,0.0001285076141357422,2.6226043701171875e-06,9.775161743164062e-06,True,4000,60155
393,3.0994415283203125e-06,2.86102294921875e-06,4.291534423828125e-06,False,4000,848
394,5.4836273193359375e-05,3.0994415283203125e-06,7.3909759521484375e-06,True,4000,25280
395,1.52587890625e-05,2.86102294921875e-06,3.814697265625e-06,False,4000,9616
396,0.00011205673217773438,3.0994415283203125e-06,1.0013580322265625e-05,True,4000,61075
397,5.412101745605469e-05,3.337860107421875e-06,6.9141387939453125e-06,False,4000,28791
398,0.0001583099365234375,2.86102294921875e-06,1.4543533325195312e-05,True,4000,84809
399,4.1961669921875e-05,2.86102294921875e-06,7.152557373046875e-06,False,4000,22457
400,2.0265579223632812e-05,3.337860107421875e-06,7.3909759521484375e-06,True,5000,8695
401,1.9073486328125e-06,2.86102294921875e-06,3.0994415283203125e-06,False,5000,189
402,0.0001513957977294922,2.86102294921875e-06,1.3113021850585938e-05,True,5000,63530
403,0.00022983551025390625,3.0994415283203125e-06,1.811981201171875e-05,False,5000,98359
404,0.00013494491577148438,3.337860107421875e-06,1.239776611328125e-05,True,5000,58064
405,3.361701965332031e-05,2.86102294921875e-06,7.3909759521484375e-06,False,5000,13965
406,0.00010037422180175781,3.0994415283203125e-06,1.1682510375976562e-05,True,5000,41980
407,0.00011110305786132812,3.337860107421875e-06,1.0728836059570312e-05,False,5000,47948
408,0.000125885009765625,2.6226043701171875e-06,1.049041748046875e-05,True,5000,49180
409,6.723403930664062e-05,2.86102294921875e-06,9.298324584960938e-06,False,5000,29098
410,9.012222290039062e-05,3.0994415283203125e-06,1.0013580322265625e-05,True,5000,39390
411,4.76837158203125e-05,3.0994415283203125e-06,7.3909759521484375e-06,False,5000,20124
412,5.0067901611328125e-06,2.86102294921875e-06,3.814697265625e-06,True,5000,1582
413,9.512901306152344e-05,3.5762786865234375e-06,9.059906005859375e-06,False,5000,40558
414,0.00012636184692382812,2.6226043701171875e-06,1.1920928955078125e-05,True,5000,53657
415,8.153915405273438e-05,3.0994415283203125e-06,7.3909759521484375e-06,False,5000,35290
416,0.00013303756713867188,2.86102294921875e-06,1.1444091796875e-05,True,5000,57227
417,9.775161743164062e-05,2.384185791015625e-06,9.5367431640625e-06,False,5000,42463
418,0.0001723766326904297,2.6226043701171875e-06,1.4781951904296875e-05,True,5000,75374
419,0.0001437664031982422,3.337860107421875e-06,1.4066696166992188e-05,False,5000,62735
420,3.170967102050781e-05,3.0994415283203125e-06,5.9604644775390625e-06,True,5000,13947
421,9.822845458984375e-05,3.814697265625e-06,9.298324584960938e-06,False,5000,42028
422,0.0001761913299560547,3.0994415283203125e-06,1.621246337890625e-05,True,5000,75855
423,2.5510787963867188e-05,2.86102294921875e-06,6.198883056640625e-06,False,5000,10403
424,1.239776611328125e-05,3.337860107421875e-06,5.4836273193359375e-06,True,5000,5213
425,9.822845458984375e-05,2.86102294921875e-06,9.775161743164062e-06,False,5000,41770
426,2.7894973754882812e-05,3.0994415283203125e-06,5.245208740234375e-06,True,5000,11241
427,0.00015091896057128906,3.337860107421875e-06,1.1920928955078125e-05,False,5000,63990
428,8.440017700195312e-05,3.0994415283203125e-06,1.049041748046875e-05,True,5000,36633
429,3.0040740966796875e-05,2.6226043701171875e-06,7.3909759521484375e-06,False,5000,12221
430,0.0002875328063964844,3.5762786865234375e-06,1.9550323486328125e-05,True,5000,98137
431,0.00015163421630859375,3.0994415283203125e-06,1.2159347534179688e-05,False,5000,67031
432,0.00010728836059570312,3.0994415283203125e-06,9.775161743164062e-06,True,5000,44339
433,0.00010371208190917969,3.0994415283203125e-06,9.775161743164062e-06,False,5000,45715
434,5.1975250244140625e-05,2.86102294921875e-06,7.3909759521484375e-06,True,5000,22258
435,0.00017762184143066406,2.86102294921875e-06,1.4543533325195312e-05,False,5000,78294
436,0.00012993812561035156,2.86102294921875e-06,1.1920928955078125e-05,True,5000,56602
437,0.00010037422180175781,2.86102294921875e-06,8.344650268554688e-06,False,5000,40263
438,0.0001709461212158203,3.0994415283203125e-06,1.4066696166992188e-05,True,5000,75168
439,0.00020432472229003906,3.0994415283203125e-06,1.7642974853515625e-05,False,5000,87283
440,0.0001430511474609375,3.0994415283203125e-06,1.239776611328125e-05,True,5000,61344
441,0.0001571178436279297,3.0994415283203125e-06,1.3113021850585938e-05,False,5000,66614
442,0.00015926361083984375,3.0994415283203125e-06,1.33514404296875e-05,True,5000,68701
443,0.0002238750457763672,2.86102294921875e-06,1.7881393432617188e-05,False,5000,98671
444,8.20159912109375e-05,3.337860107421875e-06,8.821487426757812e-06,True,5000,34226
445,0.00012564659118652344,3.0994415283203125e-06,1.049041748046875e-05,False,5000,55150
446,0.00017547607421875,2.6226043701171875e-06,1.52587890625e-05,True,5000,74718
447,0.0001666545867919922,3.337860107421875e-06,1.5497207641601562e-05,False,5000,71365
448,5.078315734863281e-05,3.0994415283203125e-06,6.4373016357421875e-06,True,5000,21735
449,5.602836608886719e-05,3.0994415283203125e-06,6.4373016357421875e-06,False,5000,24162
450,0.00020503997802734375,3.0994415283203125e-06,1.811981201171875e-05,True,5000,88797
451,0.0001995563507080078,3.337860107421875e-06,1.52587890625e-05,False,5000,85575
452,1.9073486328125e-05,2.86102294921875e-06,6.198883056640625e-06,True,5000,8955
453,9.298324584960938e-06,3.0994415283203125e-06,4.76837158203125e-06,False,5000,3324
454,4.792213439941406e-05,3.0994415283203125e-06,7.62939453125e-06,True,5000,20185
455,8.463859558105469e-05,3.0994415283203125e-06,9.059906005859375e-06,False,5000,35824
456,0.0001685619354248047,3.0994415283203125e-06,1.33514404296875e-05,True,5000,57763
457,0.0001595020294189453,3.0994415283203125e-06,1.2636184692382812e-05,False,5000,68150
458,0.00013828277587890625,2.86102294921875e-06,1.2159347534179688e-05,True,5000,56291
459,0.00016760826110839844,2.6226043701171875e-06,1.239776611328125e-05,False,5000,73682
460,0.0001513957977294922,2.6226043701171875e-06,1.1444091796875e-05,True,5000,66152
461,0.00021219253540039062,2.86102294921875e-06,1.4543533325195312e-05,False,5000,88058
462,0.00018644332885742188,2.86102294921875e-06,1.5735626220703125e-05,True,5000,77856
463,0.00013494491577148438,3.0994415283203125e-06,1.1920928955078125e-05,False,5000,57512
464,0.0001838207244873047,2.86102294921875e-06,1.2874603271484375e-05,True,5000,78606
465,2.765655517578125e-05,3.337860107421875e-06,5.9604644775390625e-06,False,5000,11960
466,3.0517578125e-05,3.5762786865234375e-06,6.198883056640625e-06,True,5000,9211
467,0.00025773048400878906,3.337860107421875e-06,1.811981201171875e-05,False,5000,87813
468,0.00015926361083984375,3.0994415283203125e-06,1.3589859008789062e-05,True,5000,67566
469,0.00015664100646972656,2.6226043701171875e-06,1.2636184692382812e-05,False,5000,63167
470,9.5367431640625e-05,3.0994415283203125e-06,9.775161743164062e-06,True,5000,32857
471,0.00017595291137695312,2.86102294921875e-06,1.1920928955078125e-05,False,5000,73748
472,0.00016355514526367188,3.337860107421875e-06,1.4066696166992188e-05,True,5000,70246
473,8.96453857421875e-05,2.6226043701171875e-06,1.0967254638671875e-05,False,5000,38424
474,1.1444091796875e-05,3.337860107421875e-06,4.76837158203125e-06,True,5000,4812
475,0.00013494491577148438,3.0994415283203125e-06,1.0728836059570312e-05,False,5000,57423
476,8.58306884765625e-05,2.6226043701171875e-06,1.0013580322265625e-05,True,5000,35196
477,4.5299530029296875e-06,3.0994415283203125e-06,3.0994415283203125e-06,False,5000,1398
478,0.00018930435180664062,2.86102294921875e-06,1.5020370483398438e-05,True,5000,79694
479,2.2411346435546875e-05,2.6226043701171875e-06,6.198883056640625e-06,False,5000,9126
480,1.7881393432617188e-05,3.0994415283203125e-06,5.0067901611328125e-06,True,5000,7190
481,5.7220458984375e-06,3.0994415283203125e-06,3.814697265625e-06,False,5000,1499
482,0.0001609325408935547,3.0994415283203125e-06,1.2636184692382812e-05,True,5000,69113
483,0.0001938343048095703,2.86102294921875e-06,1.5020370483398438e-05,False,5000,84953
484,0.00011849403381347656,2.384185791015625e-06,1.0728836059570312e-05,True,5000,49450
485,0.0002224445343017578,3.0994415283203125e-06,1.5735626220703125e-05,False,5000,93360
486,0.00013136863708496094,2.86102294921875e-06,1.239776611328125e-05,True,5000,56628
487,0.00012493133544921875,2.6226043701171875e-06,9.775161743164062e-06,False,5000,49968
488,6.842613220214844e-05,2.86102294921875e-06,9.059906005859375e-06,True,5000,28371
489,0.0002167224884033203,2.86102294921875e-06,1.7404556274414062e-05,False,5000,91903
490,9.5367431640625e-06,2.86102294921875e-06,5.245208740234375e-06,True,5000,4011
491,0.00016880035400390625,2.86102294921875e-06,1.33514404296875e-05,False,5000,72012
492,5.364418029785156e-05,2.86102294921875e-06,8.106231689453125e-06,True,5000,22398
493,2.1696090698242188e-05,3.5762786865234375e-06,5.0067901611328125e-06,False,5000,8551
494,0.00012946128845214844,3.0994415283203125e-06,1.0967254638671875e-05,True,5000,55705
495,0.00010633468627929688,2.6226043701171875e-06,1.1205673217773438e-05,False,5000,45669
496,1.3828277587890625e-05,2.86102294921875e-06,4.0531158447265625e-06,True,5000,6178
497,0.00015306472778320312,3.337860107421875e-06,1.2159347534179688e-05,False,5000,63207
498,0.00015616416931152344,3.814697265625e-06,1.2874603271484375e-05,True,5000,67586
499,1.430511474609375e-05,2.86102294921875e-06,4.0531158447265625e-06,False,5000,6270
500,0.0001933574676513672,4.0531158447265625e-06,1.4543533325195312e-05,True,6000,69799
501,0.00026607513427734375,3.337860107421875e-06,1.8596649169921875e-05,False,6000,95739
502,0.00010180473327636719,2.86102294921875e-06,1.0967254638671875e-05,True,6000,35556
503,0.00020956993103027344,2.86102294921875e-06,1.621246337890625e-05,False,6000,75329
504,9.894371032714844e-05,3.337860107421875e-06,1.0728836059570312e-05,True,6000,34255
505,0.0002505779266357422,3.5762786865234375e-06,1.8596649169921875e-05,False,6000,87958
506,0.0002810955047607422,3.0994415283203125e-06,1.71661376953125e-05,True,6000,79845
507,5.698204040527344e-05,3.337860107421875e-06,6.9141387939453125e-06,False,6000,19065
508,0.00014495849609375,2.86102294921875e-06,1.1682510375976562e-05,True,6000,49114
509,0.00015354156494140625,3.0994415283203125e-06,1.2874603271484375e-05,False,6000,55501
510,0.00017499923706054688,3.0994415283203125e-06,1.4781951904296875e-05,True,6000,62576
511,0.00010156631469726562,3.0994415283203125e-06,9.775161743164062e-06,False,6000,34931
512,0.0002830028533935547,3.0994415283203125e-06,2.0742416381835938e-05,True,6000,99041
513,9.846687316894531e-05,3.0994415283203125e-06,8.106231689453125e-06,False,6000,33904
514,7.009506225585938e-05,2.86102294921875e-06,7.867813110351562e-06,True,6000,25945
515,0.00017762184143066406,3.5762786865234375e-06,1.4543533325195312e-05,False,6000,64852
516,0.0001316070556640625,3.814697265625e-06,1.239776611328125e-05,True,6000,47483
517,0.00011992454528808594,3.0994415283203125e-06,9.775161743164062e-06,False,6000,42317
518,0.00018262863159179688,3.0994415283203125e-06,1.239776611328125e-05,True,6000,64952
519,0.00019979476928710938,3.0994415283203125e-06,1.4066696166992188e-05,False,6000,71871
520,0.0001952648162841797,2.6226043701171875e-06,1.3113021850585938e-05,True,6000,69519
521,0.00024580955505371094,2.6226043701171875e-06,1.621246337890625e-05,False,6000,86860
522,6.532669067382812e-05,3.337860107421875e-06,6.198883056640625e-06,True,6000,22595
523,0.00012040138244628906,3.5762786865234375e-06,1.1205673217773438e-05,False,6000,43626
524,0.00019884109497070312,3.0994415283203125e-06,1.4066696166992188e-05,True,6000,71819
525,0.00013303756713867188,3.0994415283203125e-06,1.0728836059570312e-05,False,6000,40571
526,0.00012540817260742188,3.337860107421875e-06,9.775161743164062e-06,True,6000,44074
527,0.00023031234741210938,3.0994415283203125e-06,1.5020370483398438e-05,False,6000,79576
528,0.00023794174194335938,3.814697265625e-06,1.5020370483398438e-05,True,6000,65872
529,0.00018668174743652344,3.0994415283203125e-06,1.3828277587890625e-05,False,6000,67447
530,0.00014734268188476562,3.0994415283203125e-06,1.1205673217773438e-05,True,6000,52106
531,0.0002715587615966797,2.86102294921875e-06,1.7642974853515625e-05,False,6000,96405
532,0.00011730194091796875,3.0994415283203125e-06,1.1205673217773438e-05,True,6000,42078
533,0.00023555755615234375,2.86102294921875e-06,1.5735626220703125e-05,False,6000,81871
534,0.0002551078796386719,3.0994415283203125e-06,1.9073486328125e-05,True,6000,91558
535,0.000148773193359375,2.86102294921875e-06,1.2159347534179688e-05,False,6000,53724
536,5.459785461425781e-05,3.337860107421875e-06,9.298324584960938e-06,True,6000,19068
537,5.91278076171875e-05,2.86102294921875e-06,7.152557373046875e-06,False,6000,21134
538,0.00021147727966308594,2.86102294921875e-06,1.6689300537109375e-05,True,6000,73606
539,2.6226043701171875e-06,3.0994415283203125e-06,3.5762786865234375e-06,False,6000,510
540,0.00017952919006347656,3.0994415283203125e-06,1.33514404296875e-05,True,6000,64117
541,0.00017452239990234375,2.86102294921875e-06,1.3828277587890625e-05,False,6000,63249
542,0.00022530555725097656,2.6226043701171875e-06,1.5974044799804688e-05,True,6000,81480
543,6.794929504394531e-05,3.0994415283203125e-06,9.059906005859375e-06,False,6000,24187
544,0.00014281272888183594,1.430511474609375e-06,1.33514404296875e-05,True,6000,49993
545,0.0002586841583251953,3.0994415283203125e-06,1.7404556274414062e-05,False,6000,93037
546,9.012222290039062e-05,2.86102294921875e-06,8.821487426757812e-06,True,6000,31969
547,4.982948303222656e-05,2.86102294921875e-06,7.62939453125e-06,False,6000,17565
548,0.0002777576446533203,3.337860107421875e-06,2.0265579223632812e-05,True,6000,93188
549,0.00022292137145996094,2.86102294921875e-06,1.52587890625e-05,False,6000,80739
550,2.6702880859375e-05,3.0994415283203125e-06,4.76837158203125e-06,True,6000,9817
551,0.00014328956604003906,3.5762786865234375e-06,1.3828277587890625e-05,False,6000,50882
552,4.887580871582031e-05,3.0994415283203125e-06,6.4373016357421875e-06,True,6000,16981
553,0.00014400482177734375,2.6226043701171875e-06,1.1444091796875e-05,False,6000,50879
554,0.00022220611572265625,3.337860107421875e-06,1.621246337890625e-05,True,6000,79433
555,0.000202178955078125,2.6226043701171875e-06,1.5974044799804688e-05,False,6000,72162
556,0.000270843505859375,3.337860107421875e-06,1.9073486328125e-05,True,6000,98403
557,6.103515625e-05,3.0994415283203125e-06,7.152557373046875e-06,False,6000,20575
558,7.510185241699219e-05,3.337860107421875e-06,7.62939453125e-06,True,6000,26600
559,0.000202178955078125,3.0994415283203125e-06,1.430511474609375e-05,False,6000,69960
560,9.274482727050781e-05,2.86102294921875e-06,9.059906005859375e-06,True,6000,33105
561,8.463859558105469e-05,3.0994415283203125e-06,8.106231689453125e-06,False,6000,29344
562,0.00021886825561523438,2.86102294921875e-06,1.8358230590820312e-05,True,6000,77372
563,0.00020742416381835938,3.337860107421875e-06,1.430511474609375e-05,False,6000,74848
564,0.0002281665802001953,3.337860107421875e-06,1.5497207641601562e-05,True,6000,82099
565,0.00016379356384277344,3.0994415283203125e-06,1.3113021850585938e-05,False,6000,57314
566,0.0001556873321533203,3.0994415283203125e-06,1.1205673217773438e-05,True,6000,54502
567,0.0001609325408935547,3.0994415283203125e-06,1.3589859008789062e-05,False,6000,57098
568,0.00020432472229003906,3.0994415283203125e-06,1.52587890625e-05,True,6000,73350
569,5.435943603515625e-05,3.0994415283203125e-06,6.4373016357421875e-06,False,6000,19611
570,0.00023174285888671875,3.337860107421875e-06,1.6689300537109375e-05,True,6000,75969
571,0.0002949237823486328,3.337860107421875e-06,1.8358230590820312e-05,False,6000,96593
572,0.00022721290588378906,2.6226043701171875e-06,1.6927719116210938e-05,True,6000,80011
573,0.00016069412231445312,3.0994415283203125e-06,1.33514404296875e-05,False,6000,57234
574,0.00026607513427734375,3.814697265625e-06,1.9073486328125e-05,True,6000,94699
575,9.441375732421875e-05,2.86102294921875e-06,9.059906005859375e-06,False,6000,34714
576,6.67572021484375e-06,3.0994415283203125e-06,5.0067901611328125e-06,True,6000,2147
577,1.9073486328125e-06,2.86102294921875e-06,3.0994415283203125e-06,False,6000,262
578,0.00021219253540039062,3.0994415283203125e-06,1.5020370483398438e-05,True,6000,71391
579,9.918212890625e-05,2.86102294921875e-06,9.298324584960938e-06,False,6000,34924
580,0.0001938343048095703,2.384185791015625e-06,1.4543533325195312e-05,True,6000,67988
581,9.417533874511719e-05,3.0994415283203125e-06,8.344650268554688e-06,False,6000,33159
582,5.125999450683594e-05,2.86102294921875e-06,8.344650268554688e-06,True,6000,18043
583,7.843971252441406e-05,2.86102294921875e-06,7.62939453125e-06,False,6000,27096
584,0.00017881393432617188,2.6226043701171875e-06,1.52587890625e-05,True,6000,62353
585,0.00020432472229003906,3.5762786865234375e-06,1.5020370483398438e-05,False,6000,73061
586,9.870529174804688e-05,3.337860107421875e-06,1.0728836059570312e-05,True,6000,34052
587,0.0001590251922607422,3.0994415283203125e-06,1.430511474609375e-05,False,6000,56780
588,8.678436279296875e-05,3.337860107421875e-06,1.1444091796875e-05,True,6000,30668
589,0.00023555755615234375,3.0994415283203125e-06,1.71661376953125e-05,False,6000,80984
590,0.00011849403381347656,3.0994415283203125e-06,1.1920928955078125e-05,True,6000,43169
591,0.0002753734588623047,3.0994415283203125e-06,2.1219253540039062e-05,False,6000,99803
592,0.00010585784912109375,3.0994415283203125e-06,1.0013580322265625e-05,True,6000,38476
593,9.059906005859375e-06,3.0994415283203125e-06,3.814697265625e-06,False,6000,2948
594,1.71661376953125e-05,3.0994415283203125e-06,5.4836273193359375e-06,True,6000,5663
595,7.390975952148438e-05,3.0994415283203125e-06,8.344650268554688e-06,False,6000,25226
596,7.081031799316406e-05,3.337860107421875e-06,7.867813110351562e-06,True,6000,23783
597,5.412101745605469e-05,2.86102294921875e-06,7.3909759521484375e-06,False,6000,18767
598,5.173683166503906e-05,3.337860107421875e-06,6.198883056640625e-06,True,6000,17943
599,0.0002295970916748047,2.86102294921875e-06,1.71661376953125e-05,False,6000,82763
600,0.00024366378784179688,3.337860107421875e-06,1.8358230590820312e-05,True,7000,70950
601,0.00029754638671875,3.337860107421875e-06,2.2411346435546875e-05,False,7000,91532
602,0.0001308917999267578,3.0994415283203125e-06,1.1444091796875e-05,True,7000,40371
603,9.703636169433594e-05,3.0994415283203125e-06,8.821487426757812e-06,False,7000,28967
604,6.985664367675781e-05,3.0994415283203125e-06,6.9141387939453125e-06,True,7000,20026
605,7.390975952148438e-05,3.0994415283203125e-06,6.9141387939453125e-06,False,7000,21767
606,0.000156402587890625,3.0994415283203125e-06,1.3589859008789062e-05,True,7000,46051
607,0.00014328956604003906,3.337860107421875e-06,1.1682510375976562e-05,False,7000,42872
608,0.00021767616271972656,3.0994415283203125e-06,1.5974044799804688e-05,True,7000,67572
609,0.00026726722717285156,3.0994415283203125e-06,1.8835067749023438e-05,False,7000,81280
610,3.62396240234375e-05,3.0994415283203125e-06,5.245208740234375e-06,True,7000,11214
611,0.0002543926239013672,3.337860107421875e-06,1.621246337890625e-05,False,7000,79107
612,8.606910705566406e-05,2.86102294921875e-06,7.867813110351562e-06,True,7000,24601
613,0.0001456737518310547,3.337860107421875e-06,1.1444091796875e-05,False,7000,44469
614,0.0001685619354248047,2.6226043701171875e-06,1.2159347534179688e-05,True,7000,48364
615,0.00016999244689941406,3.337860107421875e-06,1.2636184692382812e-05,False,7000,51574
616,3.457069396972656e-05,2.6226043701171875e-06,5.0067901611328125e-06,True,7000,9315
617,0.00026345252990722656,3.337860107421875e-06,2.09808349609375e-05,False,7000,79441
618,0.00022530555725097656,3.337860107421875e-06,1.71661376953125e-05,True,7000,67417
619,0.00019550323486328125,3.5762786865234375e-06,1.4543533325195312e-05,False,7000,60072
620,0.0002105236053466797,3.0994415283203125e-06,1.5020370483398438e-05,True,7000,60807
621,5.626678466796875e-05,3.0994415283203125e-06,5.4836273193359375e-06,False,7000,17752
622,6.818771362304688e-05,2.86102294921875e-06,7.152557373046875e-06,True,7000,20158
623,0.0002315044403076172,3.5762786865234375e-06,1.5497207641601562e-05,False,7000,66320
624,2.7418136596679688e-05,3.0994415283203125e-06,6.67572021484375e-06,True,7000,7930
625,0.00013637542724609375,2.86102294921875e-06,9.298324584960938e-06,False,7000,38987
626,0.0002541542053222656,3.5762786865234375e-06,1.4066696166992188e-05,True,7000,72180
627,0.00023245811462402344,3.5762786865234375e-06,1.5735626220703125e-05,False,7000,66258
628,0.00021958351135253906,3.0994415283203125e-06,1.6450881958007812e-05,True,7000,64396
629,0.00025725364685058594,3.0994415283203125e-06,1.6927719116210938e-05,False,7000,78272
630,0.00017690658569335938,4.0531158447265625e-06,1.3589859008789062e-05,True,7000,54298
631,0.0001723766326904297,3.337860107421875e-06,1.4066696166992188e-05,False,7000,51914
632,0.00014972686767578125,3.0994415283203125e-06,1.049041748046875e-05,True,7000,42439
633,0.00023937225341796875,3.0994415283203125e-06,1.621246337890625e-05,False,7000,73735
634,0.0001952648162841797,3.337860107421875e-06,1.2874603271484375e-05,True,7000,59565
635,8.535385131835938e-05,3.0994415283203125e-06,1.0013580322265625e-05,False,7000,25906
636,1.2874603271484375e-05,3.5762786865234375e-06,4.291534423828125e-06,True,7000,3966
637,4.863739013671875e-05,3.337860107421875e-06,6.198883056640625e-06,False,7000,14215
638,0.0002624988555908203,2.86102294921875e-06,1.6689300537109375e-05,True,7000,78752
639,0.0002739429473876953,3.814697265625e-06,1.9550323486328125e-05,False,7000,84385
640,0.00020194053649902344,3.5762786865234375e-06,1.4781951904296875e-05,True,7000,58664
641,0.0001862049102783203,3.0994415283203125e-06,1.239776611328125e-05,False,7000,55494
642,0.0001392364501953125,3.0994415283203125e-06,1.1205673217773438e-05,True,7000,39280
643,0.00024962425231933594,3.0994415283203125e-06,1.7404556274414062e-05,False,7000,76992
644,8.463859558105469e-05,3.0994415283203125e-06,6.9141387939453125e-06,True,7000,24375
645,0.00010037422180175781,2.86102294921875e-06,1.0967254638671875e-05,False,7000,28107
646,4.935264587402344e-05,3.0994415283203125e-06,7.152557373046875e-06,True,7000,14827
647,5.4836273193359375e-05,2.86102294921875e-06,8.106231689453125e-06,False,7000,15334
648,0.0001518726348876953,3.5762786865234375e-06,1.1682510375976562e-05,True,7000,44496
649,0.000278472900390625,3.0994415283203125e-06,1.6689300537109375e-05,False,7000,83352
650,0.00021648406982421875,3.337860107421875e-06,1.5020370483398438e-05,True,7000,64439
651,0.00026345252990722656,3.5762786865234375e-06,1.621246337890625e-05,False,7000,80325
652,2.384185791015625e-05,2.86102294921875e-06,7.3909759521484375e-06,True,7000,7215
653,0.000186920166015625,3.0994415283203125e-06,1.2159347534179688e-05,False,7000,56069
654,6.723403930664062e-05,3.337860107421875e-06,8.58306884765625e-06,True,7000,20244
655,0.0002465248107910156,3.0994415283203125e-06,1.6450881958007812e-05,False,7000,72768
656,1.811981201171875e-05,3.814697265625e-06,5.4836273193359375e-06,True,7000,4658
657,0.00017642974853515625,3.337860107421875e-06,1.1682510375976562e-05,False,7000,52321
658,7.677078247070312e-05,3.0994415283203125e-06,1.049041748046875e-05,True,7000,22948
659,9.34600830078125e-05,2.86102294921875e-06,8.344650268554688e-06,False,7000,24157
660,0.0003025531768798828,3.337860107421875e-06,1.6450881958007812e-05,True,7000,87600
661,0.00022554397583007812,3.0994415283203125e-06,1.52587890625e-05,False,7000,68203
662,3.7670135498046875e-05,2.6226043701171875e-06,5.4836273193359375e-06,True,7000,10962
663,0.0003268718719482422,3.337860107421875e-06,2.0742416381835938e-05,False,7000,99394
664,5.435943603515625e-05,2.86102294921875e-06,7.62939453125e-06,True,7000,15995
665,0.00016164779663085938,3.5762786865234375e-06,1.2874603271484375e-05,False,7000,49185
666,7.677078247070312e-05,3.337860107421875e-06,7.62939453125e-06,True,7000,23266
667,0.000110626220703125,2.86102294921875e-06,1.0728836059570312e-05,False,7000,32879
668,0.0002753734588623047,3.0994415283203125e-06,1.8835067749023438e-05,True,7000,82097
669,0.0003039836883544922,3.0994415283203125e-06,1.7404556274414062e-05,False,7000,91520
670,0.0003123283386230469,3.0994415283203125e-06,1.9073486328125e-05,True,7000,96807
671,0.00021123886108398438,3.0994415283203125e-06,1.4066696166992188e-05,False,7000,63011
672,9.72747802734375e-05,3.0994415283203125e-06,8.106231689453125e-06,True,7000,29707
673,0.00019168853759765625,2.86102294921875e-06,1.3828277587890625e-05,False,7000,57650
674,0.0002465248107910156,3.5762786865234375e-06,1.5497207641601562e-05,True,7000,73789
675,7.867813110351562e-05,3.0994415283203125e-06,8.58306884765625e-06,False,7000,22734
676,0.0003209114074707031,3.0994415283203125e-06,2.0503997802734375e-05,True,7000,98917
677,1.1920928955078125e-05,3.337860107421875e-06,6.4373016357421875e-06,False,7000,3254
678,0.00025010108947753906,3.0994415283203125e-06,1.5735626220703125e-05,True,7000,76540
679,0.0002884864807128906,3.0994415283203125e-06,1.6689300537109375e-05,False,7000,88923
680,0.00031375885009765625,3.0994415283203125e-06,1.9550323486328125e-05,True,7000,93256
681,9.441375732421875e-05,3.337860107421875e-06,8.344650268554688e-06,False,7000,29618
682,2.9802322387695312e-05,3.5762786865234375e-06,5.7220458984375e-06,True,7000,8776
683,0.00032520294189453125,3.337860107421875e-06,1.9311904907226562e-05,False,7000,98761
684,0.00016164779663085938,3.337860107421875e-06,1.0967254638671875e-05,True,7000,47153
685,0.0001773834228515625,3.337860107421875e-06,1.33514404296875e-05,False,7000,54154
686,3.9577484130859375e-05,2.6226043701171875e-06,7.867813110351562e-06,True,7000,12099
687,0.0002503395080566406,2.86102294921875e-06,1.6927719116210938e-05,False,7000,74976
688,0.00018143653869628906,3.337860107421875e-06,1.3828277587890625e-05,True,7000,54899
689,9.417533874511719e-05,2.6226043701171875e-06,9.059906005859375e-06,False,7000,28034
690,0.0002224445343017578,3.0994415283203125e-06,1.4781951904296875e-05,True,7000,64714
691,0.000125885009765625,2.6226043701171875e-06,1.2159347534179688e-05,False,7000,37905
692,8.7738037109375e-05,3.0994415283203125e-06,7.867813110351562e-06,True,7000,25297
693,4.076957702636719e-05,2.6226043701171875e-06,6.9141387939453125e-06,False,7000,11511
694,3.0279159545898438e-05,2.6226043701171875e-06,6.67572021484375e-06,True,7000,8543
695,6.103515625e-05,2.86102294921875e-06,5.9604644775390625e-06,False,7000,18253
696,8.916854858398438e-05,3.5762786865234375e-06,9.298324584960938e-06,True,7000,26306
697,0.0002715587615966797,3.5762786865234375e-06,1.5974044799804688e-05,False,7000,81639
698,0.0002548694610595703,3.0994415283203125e-06,1.6927719116210938e-05,True,7000,76385
699,0.0002598762512207031,3.0994415283203125e-06,1.621246337890625e-05,False,7000,78451
700,2.6464462280273438e-05,3.337860107421875e-06,5.4836273193359375e-06,True,8000,6625
701,0.00010037422180175781,3.0994415283203125e-06,8.344650268554688e-06,False,8000,26681
702,5.91278076171875e-05,3.337860107421875e-06,8.106231689453125e-06,True,8000,14432
703,0.00021028518676757812,3.5762786865234375e-06,1.52587890625e-05,False,8000,55453
704,0.0002865791320800781,2.86102294921875e-06,1.9311904907226562e-05,True,8000,75739
705,0.00023603439331054688,3.0994415283203125e-06,1.6450881958007812e-05,False,8000,62406
706,0.000194549560546875,3.0994415283203125e-06,1.5020370483398438e-05,True,8000,50356
707,0.00011348724365234375,2.86102294921875e-06,1.0967254638671875e-05,False,8000,30806
708,7.82012939453125e-05,3.337860107421875e-06,6.67572021484375e-06,True,8000,20005
709,6.389617919921875e-05,3.5762786865234375e-06,5.9604644775390625e-06,False,8000,16778
710,6.818771362304688e-05,3.5762786865234375e-06,9.059906005859375e-06,True,8000,17878
711,4.1961669921875e-05,3.814697265625e-06,7.152557373046875e-06,False,8000,10578
712,0.00013017654418945312,3.5762786865234375e-06,1.1444091796875e-05,True,8000,32996
713,3.647804260253906e-05,3.337860107421875e-06,5.7220458984375e-06,False,8000,9769
714,0.0003082752227783203,3.337860107421875e-06,2.0265579223632812e-05,True,8000,79836
715,0.0001919269561767578,3.337860107421875e-06,1.4543533325195312e-05,False,8000,50061
716,0.0002810955047607422,3.337860107421875e-06,1.7404556274414062e-05,True,8000,75575
717,0.00015044212341308594,3.0994415283203125e-06,1.2874603271484375e-05,False,8000,38692
718,0.00020503997802734375,3.814697265625e-06,1.811981201171875e-05,True,8000,54179
719,0.0001285076141357422,3.814697265625e-06,1.2636184692382812e-05,False,8000,25873
720,0.0002503395080566406,3.0994415283203125e-06,1.6689300537109375e-05,True,8000,66242
721,3.123283386230469e-05,3.337860107421875e-06,5.0067901611328125e-06,False,8000,8003
722,0.00027441978454589844,3.0994415283203125e-06,1.5497207641601562e-05,True,8000,73386
723,0.000362396240234375,3.337860107421875e-06,1.8596649169921875e-05,False,8000,98069
724,1.7642974853515625e-05,3.337860107421875e-06,4.5299530029296875e-06,True,8000,4796
725,0.0003418922424316406,3.0994415283203125e-06,1.9550323486328125e-05,False,8000,91538
726,0.0002143383026123047,3.337860107421875e-06,1.4781951904296875e-05,True,8000,57917
727,0.00017452239990234375,3.5762786865234375e-06,1.33514404296875e-05,False,8000,46481
728,7.486343383789062e-05,3.0994415283203125e-06,8.344650268554688e-06,True,8000,19955
729,0.00027441978454589844,3.337860107421875e-06,1.71661376953125e-05,False,8000,71461
730,0.0003790855407714844,3.337860107421875e-06,1.9788742065429688e-05,True,8000,99126
731,0.00017404556274414062,3.0994415283203125e-06,1.2159347534179688e-05,False,8000,46117
732,0.0003495216369628906,2.86102294921875e-06,2.0503997802734375e-05,True,8000,91910
733,0.00013303756713867188,3.0994415283203125e-06,1.0728836059570312e-05,False,8000,36005
734,0.00030875205993652344,2.86102294921875e-06,1.9073486328125e-05,True,8000,82808
735,0.0003514289855957031,3.337860107421875e-06,2.09808349609375e-05,False,8000,94256
736,0.00016427040100097656,3.0994415283203125e-06,1.1205673217773438e-05,True,8000,43736
737,0.00032711029052734375,3.0994415283203125e-06,1.7642974853515625e-05,False,8000,87265
738,0.00010275840759277344,3.0994415283203125e-06,1.0013580322265625e-05,True,8000,25661
739,0.0002033710479736328,3.0994415283203125e-06,1.2636184692382812e-05,False,8000,52978
740,0.00016927719116210938,3.0994415283203125e-06,1.1920928955078125e-05,True,8000,45040
741,0.0003924369812011719,3.337860107421875e-06,2.288818359375e-05,False,8000,99941
742,0.0001423358917236328,2.86102294921875e-06,9.5367431640625e-06,True,8000,35697
743,7.319450378417969e-05,3.0994415283203125e-06,5.7220458984375e-06,False,8000,18862
744,0.00023889541625976562,3.0994415283203125e-06,1.4781951904296875e-05,True,8000,63810
745,0.00031447410583496094,3.0994415283203125e-06,1.8835067749023438e-05,False,8000,80686
746,0.0002009868621826172,3.337860107421875e-06,1.3828277587890625e-05,True,8000,53925
747,4.4345855712890625e-05,3.0994415283203125e-06,5.245208740234375e-06,False,8000,11385
748,7.867813110351562e-05,3.0994415283203125e-06,6.4373016357421875e-06,True,8000,20286
749,0.00010085105895996094,3.0994415283203125e-06,9.298324584960938e-06,False,8000,26513
750,0.0001690387725830078,3.0994415283203125e-06,1.239776611328125e-05,True,8000,44482
751,0.0002372264862060547,2.86102294921875e-06,1.3828277587890625e-05,False,8000,62270
752,0.000186920166015625,3.0994415283203125e-06,1.4066696166992188e-05,True,8000,47676
753,2.8133392333984375e-05,3.0994415283203125e-06,5.9604644775390625e-06,False,8000,7571
754,0.0003349781036376953,3.337860107421875e-06,2.0742416381835938e-05,True,8000,89796
755,0.0002009868621826172,3.0994415283203125e-06,1.3113021850585938e-05,False,8000,53274
756,0.0001239776611328125,3.0994415283203125e-06,8.106231689453125e-06,True,8000,30030
757,9.489059448242188e-05,3.5762786865234375e-06,8.106231689453125e-06,False,8000,24255
758,2.8133392333984375e-05,3.337860107421875e-06,5.9604644775390625e-06,True,8000,7257
759,0.00019669532775878906,2.86102294921875e-06,1.1682510375976562e-05,False,8000,52469
760,0.000152587890625,3.0994415283203125e-06,1.2159347534179688e-05,True,8000,39586
761,0.00011444091796875,3.0994415283203125e-06,8.344650268554688e-06,False,8000,28738
762,1.9550323486328125e-05,3.337860107421875e-06,5.7220458984375e-06,True,8000,5095
763,0.00037789344787597656,3.337860107421875e-06,2.1219253540039062e-05,False,8000,98518
764,1.9073486328125e-06,2.384185791015625e-06,3.337860107421875e-06,True,8000,66
765,4.38690185546875e-05,3.0994415283203125e-06,5.9604644775390625e-06,False,8000,11109
766,0.00023698806762695312,3.0994415283203125e-06,1.5735626220703125e-05,True,8000,62197
767,0.00014066696166992188,3.0994415283203125e-06,1.049041748046875e-05,False,8000,37298
768,0.00010752677917480469,2.6226043701171875e-06,1.0251998901367188e-05,True,8000,27815
769,0.00024700164794921875,3.5762786865234375e-06,1.5497207641601562e-05,False,8000,64440
770,0.00019741058349609375,3.0994415283203125e-06,1.239776611328125e-05,True,8000,50448
771,0.00021219253540039062,3.0994415283203125e-06,5.340576171875e-05,False,8000,57054
772,0.00017714500427246094,4.0531158447265625e-06,1.33514404296875e-05,True,8000,35724
773,4.076957702636719e-05,3.0994415283203125e-06,6.9141387939453125e-06,False,8000,10912
774,0.00026035308837890625,3.337860107421875e-06,1.5735626220703125e-05,True,8000,68241
775,0.00029969215393066406,3.337860107421875e-06,1.7881393432617188e-05,False,8000,76133
776,0.00034880638122558594,3.5762786865234375e-06,2.0742416381835938e-05,True,8000,87557
777,0.00013208389282226562,3.337860107421875e-06,9.298324584960938e-06,False,8000,34543
778,0.00012373924255371094,3.337860107421875e-06,1.0013580322265625e-05,True,8000,31654
779,0.0001544952392578125,3.0994415283203125e-06,1.2636184692382812e-05,False,8000,40626
780,0.00034308433532714844,3.0994415283203125e-06,2.09808349609375e-05,True,8000,92147
781,0.00018072128295898438,3.0994415283203125e-06,1.1682510375976562e-05,False,8000,48740
782,0.00010728836059570312,3.337860107421875e-06,1.0728836059570312e-05,True,8000,26881
783,0.00021696090698242188,3.0994415283203125e-06,1.33514404296875e-05,False,8000,58965
784,6.246566772460938e-05,3.337860107421875e-06,7.152557373046875e-06,True,8000,15790
785,0.0003123283386230469,3.0994415283203125e-06,2.0265579223632812e-05,False,8000,83238
786,0.0003104209899902344,3.5762786865234375e-06,1.811981201171875e-05,True,8000,64452
787,0.0002262592315673828,3.0994415283203125e-06,1.5020370483398438e-05,False,8000,61022
788,2.9802322387695312e-05,2.86102294921875e-06,6.9141387939453125e-06,True,8000,7293
789,1.049041748046875e-05,3.337860107421875e-06,5.0067901611328125e-06,False,8000,2633
790,0.0003535747528076172,3.337860107421875e-06,1.9788742065429688e-05,True,8000,95160
791,0.00034165382385253906,3.0994415283203125e-06,1.7881393432617188e-05,False,8000,91105
792,0.00010180473327636719,3.337860107421875e-06,9.059906005859375e-06,True,8000,25836
793,0.0002932548522949219,4.0531158447265625e-06,2.2172927856445312e-05,False,8000,75906
794,6.699562072753906e-05,2.6226043701171875e-06,8.106231689453125e-06,True,8000,16779
795,0.00011706352233886719,3.0994415283203125e-06,1.1444091796875e-05,False,8000,31210
796,0.00018668174743652344,3.337860107421875e-06,1.239776611328125e-05,True,8000,49606
797,0.0003235340118408203,3.0994415283203125e-06,2.0265579223632812e-05,False,8000,86764
798,0.0001926422119140625,2.86102294921875e-06,1.239776611328125e-05,True,8000,50068
799,7.62939453125e-06,3.337860107421875e-06,5.245208740234375e-06,False,8000,1696
800,0.00035953521728515625,3.337860107421875e-06,2.0742416381835938e-05,True,9000,83433
801,7.891654968261719e-05,3.337860107421875e-06,6.9141387939453125e-06,False,9000,18495
802,0.0001800060272216797,3.337860107421875e-06,1.3113021850585938e-05,True,9000,41789
803,0.00035834312438964844,3.337860107421875e-06,2.002716064453125e-05,False,9000,83880
804,3.695487976074219e-05,3.5762786865234375e-06,5.245208740234375e-06,True,9000,8709
805,0.0003840923309326172,3.0994415283203125e-06,2.0742416381835938e-05,False,9000,89308
806,0.00025725364685058594,2.6226043701171875e-06,1.71661376953125e-05,True,9000,59308
807,0.00016355514526367188,3.0994415283203125e-06,1.049041748046875e-05,False,9000,38688
808,0.00016260147094726562,3.814697265625e-06,1.2159347534179688e-05,True,9000,37621
809,0.0002605915069580078,3.5762786865234375e-06,1.6689300537109375e-05,False,9000,60411
810,0.00025534629821777344,3.337860107421875e-06,1.6450881958007812e-05,True,9000,58852
811,4.8160552978515625e-05,3.0994415283203125e-06,8.106231689453125e-06,False,9000,11689
812,6.9141387939453125e-06,3.337860107421875e-06,4.0531158447265625e-06,True,9000,1412
813,0.0002665519714355469,3.5762786865234375e-06,1.7642974853515625e-05,False,9000,63164
814,0.0002880096435546875,1.9073486328125e-06,1.9073486328125e-05,True,9000,68383
815,0.00016832351684570312,2.86102294921875e-06,1.430511474609375e-05,False,9000,36800
816,0.00033211708068847656,2.86102294921875e-06,1.8358230590820312e-05,True,9000,77532
817,4.3392181396484375e-05,3.814697265625e-06,6.67572021484375e-06,False,9000,10053
818,0.00020265579223632812,3.0994415283203125e-06,1.52587890625e-05,True,9000,46760
819,9.5367431640625e-05,3.814697265625e-06,8.344650268554688e-06,False,9000,22773
820,0.00016450881958007812,4.0531158447265625e-06,1.3589859008789062e-05,True,9000,32466
821,0.0003533363342285156,3.337860107421875e-06,2.2172927856445312e-05,False,9000,81202
822,0.0003478527069091797,2.6226043701171875e-06,2.2649765014648438e-05,True,9000,82318
823,0.00020003318786621094,3.0994415283203125e-06,1.33514404296875e-05,False,9000,47446
824,4.7206878662109375e-05,3.814697265625e-06,6.198883056640625e-06,True,9000,10598
825,0.00012111663818359375,3.0994415283203125e-06,8.821487426757812e-06,False,9000,25824
826,0.0004055500030517578,2.6226043701171875e-06,2.5272369384765625e-05,True,9000,97364
827,3.552436828613281e-05,3.0994415283203125e-06,6.9141387939453125e-06,False,9000,8857
828,0.00012874603271484375,3.814697265625e-06,1.049041748046875e-05,True,9000,30523
829,0.00035309791564941406,3.337860107421875e-06,2.1219253540039062e-05,False,9000,83274
830,0.0003771781921386719,3.337860107421875e-06,2.2172927856445312e-05,True,9000,88768
831,0.00042819976806640625,3.5762786865234375e-06,2.3603439331054688e-05,False,9000,98964
832,4.887580871582031e-05,3.337860107421875e-06,7.867813110351562e-06,True,9000,11904
833,0.00012731552124023438,3.337860107421875e-06,1.0728836059570312e-05,False,9000,29080
834,0.0003521442413330078,2.384185791015625e-06,1.7881393432617188e-05,True,9000,81912
835,0.0002353191375732422,3.337860107421875e-06,1.5020370483398438e-05,False,9000,55891
836,0.00022602081298828125,3.0994415283203125e-06,1.5974044799804688e-05,True,9000,52543
837,5.078315734863281e-05,3.0994415283203125e-06,6.198883056640625e-06,False,9000,11757
838,2.1219253540039062e-05,3.0994415283203125e-06,6.198883056640625e-06,True,9000,4438
839,0.0003485679626464844,3.0994415283203125e-06,1.8596649169921875e-05,False,9000,80422
840,6.341934204101562e-05,2.86102294921875e-06,5.9604644775390625e-06,True,9000,14895
841,0.00033855438232421875,3.5762786865234375e-06,2.1219253540039062e-05,False,9000,80703
842,0.00012564659118652344,3.337860107421875e-06,1.1205673217773438e-05,True,9000,29221
843,0.0003032684326171875,2.86102294921875e-06,1.9788742065429688e-05,False,9000,69320
844,0.00010180473327636719,3.814697265625e-06,8.821487426757812e-06,True,9000,23536
845,0.00013113021850585938,3.0994415283203125e-06,1.0967254638671875e-05,False,9000,30429
846,0.00029349327087402344,3.337860107421875e-06,1.7404556274414062e-05,True,9000,68059
847,6.866455078125e-05,3.0994415283203125e-06,9.775161743164062e-06,False,9000,16320
848,0.0004448890686035156,4.0531158447265625e-06,2.6941299438476562e-05,True,9000,97801
849,0.0003895759582519531,3.337860107421875e-06,2.3603439331054688e-05,False,9000,90240
850,0.00011587142944335938,3.5762786865234375e-06,1.2159347534179688e-05,True,9000,26157
851,7.224082946777344e-05,3.337860107421875e-06,9.5367431640625e-06,False,9000,13393
852,0.00040912628173828125,3.337860107421875e-06,2.0742416381835938e-05,True,9000,96658
853,0.0002522468566894531,3.0994415283203125e-06,1.6450881958007812e-05,False,9000,59833
854,0.0003802776336669922,3.337860107421875e-06,1.9311904907226562e-05,True,9000,90076
855,3.123283386230469e-05,2.86102294921875e-06,4.0531158447265625e-06,False,9000,7180
856,0.0003578662872314453,3.814697265625e-06,1.9550323486328125e-05,True,9000,85177
857,0.00042891502380371094,3.337860107421875e-06,2.2649765014648438e-05,False,9000,99901
858,0.00011444091796875,3.0994415283203125e-06,8.344650268554688e-06,True,9000,25812
859,0.00010442733764648438,3.337860107421875e-06,1.0013580322265625e-05,False,9000,23571
860,0.0003285408020019531,3.337860107421875e-06,1.7642974853515625e-05,True,9000,75276
861,0.0001666545867919922,3.337860107421875e-06,1.1444091796875e-05,False,9000,39071
862,0.0003352165222167969,3.0994415283203125e-06,1.9788742065429688e-05,True,9000,79118
863,0.00011658668518066406,2.86102294921875e-06,9.775161743164062e-06,False,9000,27275
864,6.866455078125e-05,2.86102294921875e-06,5.7220458984375e-06,True,9000,14812
865,0.0001595020294189453,2.86102294921875e-06,1.2159347534179688e-05,False,9000,37403
866,0.0003707408905029297,3.337860107421875e-06,2.193450927734375e-05,True,9000,81606
867,0.0001418590545654297,3.337860107421875e-06,1.0967254638671875e-05,False,9000,32115
868,5.841255187988281e-05,3.5762786865234375e-06,9.059906005859375e-06,True,9000,13394
869,0.0001366138458251953,3.0994415283203125e-06,1.0967254638671875e-05,False,9000,31900
870,0.0002334117889404297,2.86102294921875e-06,1.5974044799804688e-05,True,9000,52979
871,0.00041484832763671875,3.337860107421875e-06,2.3365020751953125e-05,False,9000,99812
872,0.0003762245178222656,3.337860107421875e-06,2.1219253540039062e-05,True,9000,88378
873,0.00012826919555664062,3.0994415283203125e-06,1.1444091796875e-05,False,9000,28879
874,0.0003459453582763672,2.86102294921875e-06,1.8358230590820312e-05,True,9000,80571
875,0.00019311904907226562,3.0994415283203125e-06,1.3589859008789062e-05,False,9000,45521
876,5.125999450683594e-05,3.0994415283203125e-06,5.4836273193359375e-06,True,9000,11523
877,7.3909759521484375e-06,3.0994415283203125e-06,4.76837158203125e-06,False,9000,1660
878,0.00034880638122558594,3.0994415283203125e-06,2.09808349609375e-05,True,9000,81839
879,0.00016188621520996094,2.86102294921875e-06,1.3113021850585938e-05,False,9000,37131
880,0.0001919269561767578,3.0994415283203125e-06,1.2159347534179688e-05,True,9000,45172
881,0.00028324127197265625,2.86102294921875e-06,1.52587890625e-05,False,9000,65685
882,0.00022745132446289062,3.0994415283203125e-06,1.430511474609375e-05,True,9000,51207
883,0.0003879070281982422,3.5762786865234375e-06,2.09808349609375e-05,False,9000,91480
884,0.00037741661071777344,3.337860107421875e-06,2.0503997802734375e-05,True,9000,86973
885,0.00033354759216308594,3.337860107421875e-06,1.9788742065429688e-05,False,9000,76122
886,0.00019216537475585938,3.337860107421875e-06,1.239776611328125e-05,True,9000,44151
887,8.130073547363281e-05,3.0994415283203125e-06,7.3909759521484375e-06,False,9000,17285
888,0.00012874603271484375,3.5762786865234375e-06,9.059906005859375e-06,True,9000,29205
889,5.9604644775390625e-05,3.5762786865234375e-06,1.049041748046875e-05,False,9000,12870
890,7.915496826171875e-05,3.337860107421875e-06,7.62939453125e-06,True,9000,17858
891,0.00022220611572265625,3.0994415283203125e-06,1.2636184692382812e-05,False,9000,53057
892,0.0002601146697998047,3.337860107421875e-06,1.5974044799804688e-05,True,9000,61163
893,0.0004227161407470703,3.5762786865234375e-06,2.2172927856445312e-05,False,9000,97747
894,6.890296936035156e-05,2.86102294921875e-06,6.4373016357421875e-06,True,9000,15223
895,0.0004162788391113281,2.86102294921875e-06,2.2411346435546875e-05,False,9000,99758
896,0.0004181861877441406,3.5762786865234375e-06,2.2172927856445312e-05,True,9000,96500
897,0.0001583099365234375,3.0994415283203125e-06,1.2159347534179688e-05,False,9000,36551
898,2.1457672119140625e-06,3.337860107421875e-06,3.5762786865234375e-06,True,9000,190
899,0.00020074844360351562,3.5762786865234375e-06,1.239776611328125e-05,False,9000,45421
900,0.0004649162292480469,3.0994415283203125e-06,2.5987625122070312e-05,True,10000,99929
901,0.0003921985626220703,2.86102294921875e-06,1.9550323486328125e-05,False,10000,81989
902,0.0004591941833496094,3.5762786865234375e-06,2.2649765014648438e-05,True,10000,95198
903,3.933906555175781e-05,3.0994415283203125e-06,4.76837158203125e-06,False,10000,7754
904,2.8848648071289062e-05,3.0994415283203125e-06,7.867813110351562e-06,True,10000,5601
905,2.5987625122070312e-05,3.5762786865234375e-06,1.0251998901367188e-05,False,10000,4991
906,8.821487426757812e-06,3.5762786865234375e-06,5.7220458984375e-06,True,10000,1421
907,0.00022912025451660156,3.0994415283203125e-06,1.430511474609375e-05,False,10000,48173
908,2.86102294921875e-06,3.0994415283203125e-06,4.291534423828125e-06,True,10000,331
909,2.5033950805664062e-05,3.337860107421875e-06,4.5299530029296875e-06,False,10000,5787
910,8.034706115722656e-05,3.337860107421875e-06,8.821487426757812e-06,True,10000,16220
911,3.600120544433594e-05,3.0994415283203125e-06,6.9141387939453125e-06,False,10000,7295
912,0.00047969818115234375,3.814697265625e-06,2.7418136596679688e-05,True,10000,99876
913,0.00022029876708984375,3.0994415283203125e-06,1.3113021850585938e-05,False,10000,45427
914,0.0004444122314453125,2.86102294921875e-06,2.2649765014648438e-05,True,10000,92300
915,8.797645568847656e-05,3.337860107421875e-06,8.106231689453125e-06,False,10000,18005
916,0.0001685619354248047,4.0531158447265625e-06,1.0251998901367188e-05,True,10000,35315
917,0.00020694732666015625,3.814697265625e-06,1.3828277587890625e-05,False,10000,43654
918,8.58306884765625e-05,3.0994415283203125e-06,7.3909759521484375e-06,True,10000,17910
919,0.0001533031463623047,3.337860107421875e-06,1.1682510375976562e-05,False,10000,31675
920,0.00023245811462402344,2.6226043701171875e-06,1.4543533325195312e-05,True,10000,49659
921,0.0004496574401855469,3.337860107421875e-06,2.2411346435546875e-05,False,10000,96250
922,0.00036907196044921875,3.0994415283203125e-06,2.193450927734375e-05,True,10000,77905
923,0.0004439353942871094,3.0994415283203125e-06,2.3126602172851562e-05,False,10000,93558
924,0.00022840499877929688,3.337860107421875e-06,1.3828277587890625e-05,True,10000,47699
925,0.000152587890625,3.337860107421875e-06,1.2636184692382812e-05,False,10000,31103
926,0.0002758502960205078,3.5762786865234375e-06,1.6927719116210938e-05,True,10000,57463
927,0.0002300739288330078,3.814697265625e-06,1.4543533325195312e-05,False,10000,48650
928,0.0003113746643066406,2.86102294921875e-06,1.5974044799804688e-05,True,10000,64495
929,0.000110626220703125,3.337860107421875e-06,7.152557373046875e-06,False,10000,23370
930,0.00019979476928710938,3.5762786865234375e-06,1.3589859008789062e-05,True,10000,40987
931,0.0002579689025878906,3.5762786865234375e-06,1.6689300537109375e-05,False,10000,54652
932,9.226799011230469e-05,3.5762786865234375e-06,1.0251998901367188e-05,True,10000,19006
933,2.8848648071289062e-05,3.337860107421875e-06,6.67572021484375e-06,False,10000,5710
934,0.00015091896057128906,3.0994415283203125e-06,1.1444091796875e-05,True,10000,32050
935,7.581710815429688e-05,3.0994415283203125e-06,8.58306884765625e-06,False,10000,15457
936,0.0002288818359375,3.0994415283203125e-06,1.33514404296875e-05,True,10000,48336
937,0.0003402233123779297,3.337860107421875e-06,1.6450881958007812e-05,False,10000,72062
938,0.00045990943908691406,3.0994415283203125e-06,2.4557113647460938e-05,True,10000,97864
939,0.00034618377685546875,3.0994415283203125e-06,1.6927719116210938e-05,False,10000,70574
940,0.00018358230590820312,3.337860107421875e-06,1.0967254638671875e-05,True,10000,38548
941,0.0004055500030517578,3.337860107421875e-06,2.1696090698242188e-05,False,10000,86965
942,0.00035262107849121094,3.337860107421875e-06,1.8358230590820312e-05,True,10000,73008
943,0.00037479400634765625,3.337860107421875e-06,2.193450927734375e-05,False,10000,79339
944,7.867813110351562e-06,3.5762786865234375e-06,4.76837158203125e-06,True,10000,1405
945,0.00034117698669433594,4.0531158447265625e-06,2.0742416381835938e-05,False,10000,66673
946,0.00014328956604003906,3.337860107421875e-06,1.2874603271484375e-05,True,10000,29589
947,0.00026035308837890625,2.86102294921875e-06,1.5974044799804688e-05,False,10000,56491
948,0.00046133995056152344,3.337860107421875e-06,2.384185791015625e-05,True,10000,96253
949,0.00028443336486816406,3.337860107421875e-06,1.6927719116210938e-05,False,10000,56525
950,0.00016808509826660156,3.0994415283203125e-06,1.1444091796875e-05,True,10000,35036
951,0.00026917457580566406,3.0994415283203125e-06,1.6927719116210938e-05,False,10000,55975
952,0.00019550323486328125,3.0994415283203125e-06,1.1682510375976562e-05,True,10000,40560
953,0.00020694732666015625,3.337860107421875e-06,1.3589859008789062e-05,False,10000,44112
954,3.5762786865234375e-06,3.337860107421875e-06,4.76837158203125e-06,True,10000,383
955,0.0005116462707519531,3.5762786865234375e-06,2.1457672119140625e-05,False,10000,97842
956,0.00026798248291015625,3.0994415283203125e-06,1.4543533325195312e-05,True,10000,56321
957,0.00039958953857421875,3.337860107421875e-06,1.8596649169921875e-05,False,10000,85651
958,4.4345855712890625e-05,3.0994415283203125e-06,5.9604644775390625e-06,True,10000,9166
959,0.0002765655517578125,3.0994415283203125e-06,1.6927719116210938e-05,False,10000,59337
960,0.0002682209014892578,3.0994415283203125e-06,1.6450881958007812e-05,True,10000,57528
961,0.0004589557647705078,3.0994415283203125e-06,2.384185791015625e-05,False,10000,97551
962,0.00038051605224609375,3.337860107421875e-06,1.9788742065429688e-05,True,10000,82176
963,0.00034546852111816406,3.0994415283203125e-06,1.9788742065429688e-05,False,10000,73940
964,0.0004220008850097656,3.0994415283203125e-06,2.3365020751953125e-05,True,10000,88638
965,0.00012373924255371094,3.337860107421875e-06,1.0251998901367188e-05,False,10000,22940
966,7.295608520507812e-05,3.337860107421875e-06,6.67572021484375e-06,True,10000,15296
967,0.00042510032653808594,3.337860107421875e-06,2.1457672119140625e-05,False,10000,90710
968,0.00030803680419921875,3.337860107421875e-06,1.6689300537109375e-05,True,10000,65908
969,8.20159912109375e-05,3.0994415283203125e-06,6.67572021484375e-06,False,10000,16795
970,0.00020885467529296875,2.0265579223632812e-05,1.6927719116210938e-05,True,10000,43703
971,0.00021123886108398438,4.0531158447265625e-06,1.621246337890625e-05,False,10000,44040
972,0.00022602081298828125,2.86102294921875e-06,1.5974044799804688e-05,True,10000,47246
973,9.751319885253906e-05,3.0994415283203125e-06,8.344650268554688e-06,False,10000,20571
974,0.0002918243408203125,3.337860107421875e-06,1.7404556274414062e-05,True,10000,60736
975,0.0004546642303466797,3.337860107421875e-06,2.2411346435546875e-05,False,10000,93989
976,0.0001366138458251953,2.6226043701171875e-06,1.049041748046875e-05,True,10000,24916
977,0.00017070770263671875,3.337860107421875e-06,1.3113021850585938e-05,False,10000,34771
978,5.364418029785156e-05,3.337860107421875e-06,5.7220458984375e-06,True,10000,11308
979,0.00038695335388183594,3.337860107421875e-06,1.811981201171875e-05,False,10000,80971
980,8.225440979003906e-05,3.337860107421875e-06,9.298324584960938e-06,True,10000,16743
981,6.818771362304688e-05,2.86102294921875e-06,7.3909759521484375e-06,False,10000,13177
982,0.00010633468627929688,3.0994415283203125e-06,9.5367431640625e-06,True,10000,20721
983,0.0002219676971435547,3.814697265625e-06,1.2159347534179688e-05,False,10000,45988
984,0.0002543926239013672,3.0994415283203125e-06,1.621246337890625e-05,True,10000,53259
985,0.0004284381866455078,3.0994415283203125e-06,2.4080276489257812e-05,False,10000,92423
986,0.0002841949462890625,3.5762786865234375e-06,1.5020370483398438e-05,True,10000,58039
987,1.4543533325195312e-05,3.337860107421875e-06,7.152557373046875e-06,False,10000,3016
988,0.00015997886657714844,3.0994415283203125e-06,1.3113021850585938e-05,True,10000,33471
989,8.7738037109375e-05,3.337860107421875e-06,8.106231689453125e-06,False,10000,19055
990,0.00028514862060546875,3.337860107421875e-06,1.4543533325195312e-05,True,10000,58907
991,5.91278076171875e-05,3.0994415283203125e-06,5.9604644775390625e-06,False,10000,12058
992,0.00017261505126953125,3.337860107421875e-06,1.239776611328125e-05,True,10000,33971
993,0.0003399848937988281,3.337860107421875e-06,1.9311904907226562e-05,False,10000,71217
994,0.00016760826110839844,3.5762786865234375e-06,9.775161743164062e-06,True,10000,35371
995,0.0003974437713623047,3.337860107421875e-06,2.1219253540039062e-05,False,10000,85210
996,0.0001671314239501953,3.337860107421875e-06,1.1920928955078125e-05,True,10000,32868
997,0.00036644935607910156,3.337860107421875e-06,1.9550323486328125e-05,False,10000,75322
998,0.00031948089599609375,3.0994415283203125e-06,1.8596649169921875e-05,True,10000,67148
999,6.699562072753906e-05,3.0994415283203125e-06,9.059906005859375e-06,False,10000,13828
